vorname,anzahl,geschlecht,position
Marie,22,w,2
Adam,21,m,1
Liam,20,m,1
Sophie,18,w,2
Noah,14,m,1
Charlotte,13,w,1
Emilia,13,w,1
Emil,12,m,1
Leo,12,m,1
Lara,11,w,1
Leni,11,w,1
Sofia,11,w,1
Leon,11,m,1
Levi,10,m,1
Louis,10,m,1
Maria,9,w,1
Mia,9,w,1
Mila,9,w,1
Mira,9,w,1
Jakob,9,m,1
Luca,9,m,1
Milan,9,m,1
Rose,9,w,2
Emily,8,w,1
Emma,8,w,1
Eva,8,w,1
Hannah,8,w,1
Ida,8,w,1
Lena,8,w,1
Luna,8,w,1
Nora,8,w,1
Sophia,8,w,1
David,8,m,1
Elias,8,m,1
Lio,8,m,1
Malik,8,m,1
Amalia,7,w,1
Ella,7,w,1
Johanna,7,w,1
Lia,7,w,1
Lina,7,w,1
Maya,7,w,1
Nele,7,w,1
Olivia,7,w,1
Amir,7,m,1
Elio,7,m,1
Henry,7,m,1
Lukas,7,m,1
Theo,7,m,1
Alexander,7,m,2
Alina,6,w,1
Hanna,6,w,1
Laura,6,w,1
Adrian,6,m,1
Daniel,6,m,1
Edgar,6,m,1
Erik,6,m,1
Finn,6,m,1
Matteo,6,m,1
Mika,6,m,1
Moritz,6,m,1
Musa,6,m,1
Oliver,6,m,1
Oskar,6,m,1
Theodor,6,m,1
Sophia,6,w,2
Elias,6,m,2
Aliya,5,w,1
Anna,5,w,1
Liya,5,w,1
Malia,5,w,1
Mathilda,5,w,1
Sara,5,w,1
Sophie,5,w,1
Alexander,5,m,1
Carlo,5,m,1
Jan,5,m,1
Jonas,5,m,1
Julian,5,m,1
Karim,5,m,1
Karl,5,m,1
Linus,5,m,1
Mateo,5,m,1
Mohammad,5,m,1
Nino,5,m,1
Raphael,5,m,1
Charlotte,5,w,2
Elisabeth,5,w,2
David,5,m,2
Oliver,5,m,2
Amelia,4,w,1
Amelie,4,w,1
Anastasia,4,w,1
Bella,4,w,1
Cleo,4,w,1
Elina,4,w,1
Helene,4,w,1
Julia,4,w,1
Juna,4,w,1
Lea,4,w,1
Leonie,4,w,1
Livia,4,w,1
Melissa,4,w,1
Merle,4,w,1
Michelle,4,w,1
Mina,4,w,1
Miriam,4,w,1
Pia,4,w,1
Ruby,4,w,1
Tala,4,w,1
Thea,4,w,1
Valentina,4,w,1
Yasmin,4,w,1
Anthony,4,m,1
Antoni,4,m,1
Arthur,4,m,1
Felix,4,m,1
Frederik,4,m,1
Fritz,4,m,1
Gabriel,4,m,1
Ibrahim,4,m,1
John,4,m,1
Mark,4,m,1
Marlon,4,m,1
Mats,4,m,1
Max,4,m,1
Milo,4,m,1
Paul,4,m,1
Pepe,4,m,1
Rafael,4,m,1
Tom,4,m,1
Emilia,4,w,2
Maria,4,w,2
Andreas,4,m,2
Anh,4,m,2
Emilio,4,m,2
Frank,4,m,2
Minh,4,m,2
Paul,4,m,2
Adelina,3,w,1
Alexandra,3,w,1
Alisa,3,w,1
Alma,3,w,1
Amina,3,w,1
Antonia,3,w,1
Aurelia,3,w,1
Ayla,3,w,1
Elena,3,w,1
Elisa,3,w,1
Evelin,3,w,1
Helena,3,w,1
Liv,3,w,1
Luise,3,w,1
Maja,3,w,1
Mara,3,w,1
Mariam,3,w,1
Marlene,3,w,1
Paulina,3,w,1
Rayan,3,w,1
Rosalie,3,w,1
Victoria,3,w,1
Aaron,3,m,1
Abdullah,3,m,1
Alan,3,m,1
Aleksej,3,m,1
Alex,3,m,1
Ali,3,m,1
Arian,3,m,1
Artur,3,m,1
Ben,3,m,1
Benjamin,3,m,1
Bảo,3,m,1
Dario,3,m,1
Emilio,3,m,1
Enno,3,m,1
Fabian,3,m,1
Henri,3,m,1
Isaac,3,m,1
Jayden,3,m,1
Joel,3,m,1
Joris,3,m,1
Julius,3,m,1
Konstantin,3,m,1
Lasse,3,m,1
Leonardo,3,m,1
Marcel,3,m,1
Maximilian,3,m,1
Muhammad,3,m,1
Mustafa,3,m,1
Nico,3,m,1
Philipp,3,m,1
Robert,3,m,1
Sayed,3,m,1
Teodor,3,m,1
Tim,3,m,1
Toni,3,m,1
Amara,3,w,2
Carlotta,3,w,2
Ida,3,w,2
Isabella,3,w,2
Magdalena,3,w,2
Malou,3,w,2
Valentina,3,w,2
Ben,3,m,2
Gabriel,3,m,2
Jan,3,m,2
Johannes,3,m,2
Levi,3,m,2
Liam,3,m,2
Nam,3,m,2
Noel,3,m,2
Theodor,3,m,2
Alea,2,w,1
Alessia,2,w,1
Alice,2,w,1
Alissa,2,w,1
Amanda,2,w,1
Amara,2,w,1
Amaya,2,w,1
Amira,2,w,1
Anouk,2,w,1
Ariana,2,w,1
Arina,2,w,1
Ava,2,w,1
Aylin,2,w,1
Celin,2,w,1
Clara,2,w,1
Daria,2,w,1
Dua,2,w,1
Ela,2,w,1
Eleni,2,w,1
Eleyna,2,w,1
Eliana,2,w,1
Elin,2,w,1
Elisabeth,2,w,1
Elli,2,w,1
Ema,2,w,1
Emely,2,w,1
Emmy,2,w,1
Evelina,2,w,1
Fabienne,2,w,1
Fatima,2,w,1
Flora,2,w,1
Freya,2,w,1
Frida,2,w,1
Frieda,2,w,1
Grace,2,w,1
Hafsa,2,w,1
Hana,2,w,1
Hanife,2,w,1
Helen,2,w,1
Holly,2,w,1
Imani,2,w,1
Inara,2,w,1
Inaya,2,w,1
Isabell,2,w,1
Joury,2,w,1
Kamila,2,w,1
Kausar,2,w,1
Khadija,2,w,1
Kiana,2,w,1
Kira,2,w,1
Klara,2,w,1
Layla,2,w,1
Liliane,2,w,1
Lilly,2,w,1
Lora,2,w,1
Lotta,2,w,1
Lucie,2,w,1
Lya,2,w,1
Maila,2,w,1
Malak,2,w,1
Marianna,2,w,1
Martha,2,w,1
Matilda,2,w,1
Melina,2,w,1
Melody,2,w,1
Milena,2,w,1
Milla,2,w,1
Miral,2,w,1
Nala,2,w,1
Naween,2,w,1
Nia,2,w,1
Polly,2,w,1
Rebecca,2,w,1
Rital,2,w,1
Romy,2,w,1
Rukaya,2,w,1
Samira,2,w,1
Selma,2,w,1
Sofie,2,w,1
Sora,2,w,1
Soraya,2,w,1
Stefania,2,w,1
Syeda,2,w,1
Tali,2,w,1
Talia,2,w,1
Tamara,2,w,1
Tilda,2,w,1
Vanessa,2,w,1
Ylva,2,w,1
Yuna,2,w,1
Zahra,2,w,1
Zoe,2,w,1
Ahmad,2,m,1
Ahmed,2,m,1
Aiden,2,m,1
Alessio,2,m,1
Amar,2,m,1
Anas,2,m,1
Anh,2,m,1
Anton,2,m,1
Atharv,2,m,1
Bela,2,m,1
Bruno,2,m,1
Camilo,2,m,1
Carl,2,m,1
Cezar,2,m,1
Charlie,2,m,1
Christian,2,m,1
Colin,2,m,1
Constantin,2,m,1
Damian,2,m,1
Damir,2,m,1
Dante,2,m,1
Denis,2,m,1
Dion,2,m,1
Dominik,2,m,1
Eddie,2,m,1
Eliah,2,m,1
Elian,2,m,1
Emir,2,m,1
Fiete,2,m,1
Finley,2,m,1
Franz,2,m,1
Fynn,2,m,1
Hamza,2,m,1
Hendrik,2,m,1
Ian,2,m,1
Ilias,2,m,1
Ilyas,2,m,1
Isaiah,2,m,1
Ivan,2,m,1
Jamal,2,m,1
Jamie,2,m,1
Jannis,2,m,1
Johann,2,m,1
Jonah,2,m,1
Joshua,2,m,1
Justus,2,m,1
Kaspar,2,m,1
Kayan,2,m,1
Kevin,2,m,1
Kuzey,2,m,1
Leander,2,m,1
Lennox,2,m,1
Leonard,2,m,1
Leopold,2,m,1
Lian,2,m,1
Luka,2,m,1
Malek,2,m,1
Malio,2,m,1
Marc,2,m,1
Mattis,2,m,1
Maurice,2,m,1
Mio,2,m,1
Miro,2,m,1
Mohamad,2,m,1
Mohammed,2,m,1
Nick,2,m,1
Niklas,2,m,1
Nolan,2,m,1
Omar,2,m,1
Omid,2,m,1
Ram,2,m,1
Rayan,2,m,1
Rayyan,2,m,1
Richard,2,m,1
Rio,2,m,1
Ruben,2,m,1
Said,2,m,1
Sam,2,m,1
Sebastian,2,m,1
Simon,2,m,1
Tamino,2,m,1
Thilo,2,m,1
Thore,2,m,1
Thái,2,m,1
Till,2,m,1
Timo,2,m,1
Timofey,2,m,1
Valentino,2,m,1
Yahya,2,m,1
Yaman,2,m,1
Youssef,2,m,1
Amadea,2,w,2
Anh,2,w,2
Anna,2,w,2
Aurora,2,w,2
Ava,2,w,2
Cornelia,2,w,2
Elaine,2,w,2
Ella,2,w,2
Emily,2,w,2
Freya,2,w,2
Frieda,2,w,2
Fritzi,2,w,2
Hannah,2,w,2
Hedda,2,w,2
Hope,2,w,2
Isabell,2,w,2
Johanna,2,w,2
Kaur,2,w,2
Klara,2,w,2
Laura,2,w,2
Leonora,2,w,2
Liana,2,w,2
Lilly,2,w,2
Liv,2,w,2
Lotte,2,w,2
Louise,2,w,2
Lucia,2,w,2
Luna,2,w,2
Mai,2,w,2
Mariam,2,w,2
Marina,2,w,2
Marlene,2,w,2
Mavis,2,w,2
Michelle,2,w,2
Pauline,2,w,2
Ruth,2,w,2
Sofia,2,w,2
Sofie,2,w,2
Ahmed,2,m,2
Angelo,2,m,2
Anton,2,m,2
Benedict,2,m,2
Benjamin,2,m,2
Chinedu,2,m,2
Daniel,2,m,2
Duc,2,m,2
Duy,2,m,2
Emilian,2,m,2
Fateh,2,m,2
Florian,2,m,2
Flynn,2,m,2
Friedrich,2,m,2
Gerhard,2,m,2
Hermann,2,m,2
Hoang,2,m,2
Jakob,2,m,2
James,2,m,2
Jascha,2,m,2
Joel,2,m,2
Johann,2,m,2
John,2,m,2
Jonathan,2,m,2
Junis,2,m,2
Kilian,2,m,2
Konstantin,2,m,2
Lennox,2,m,2
Leon,2,m,2
Leonard,2,m,2
Lewis,2,m,2
Louis,2,m,2
Luca,2,m,2
Malik,2,m,2
Mario,2,m,2
Matheo,2,m,2
Matthias,2,m,2
Max,2,m,2
Maximilian,2,m,2
Michael,2,m,2
Milan,2,m,2
Niklas,2,m,2
Noah,2,m,2
Omar,2,m,2
Peter,2,m,2
Sebastian,2,m,2
Sven,2,m,2
Umut,2,m,2
Uwe,2,m,2
Wilhelm,2,m,2
Willi,2,m,2
Nhi,2,w,3
An,2,m,3
Andreas,2,m,3
Anh,2,m,3
Helmut,2,m,3
Michael,2,m,3
Uwe,2,m,3
Willi,2,m,3
Aaliya,1,w,1
Aarini,1,w,1
Aayra,1,w,1
Abby,1,w,1
Achimie,1,w,1
Ada,1,w,1
Adannaya,1,w,1
Adea,1,w,1
Adile,1,w,1
Agatha,1,w,1
Agiiya,1,w,1
Aglaida,1,w,1
Aicha-Malaika,1,w,1
Aicha,1,w,1
Aida,1,w,1
Aileen,1,w,1
Aisha,1,w,1
Aitin,1,w,1
Ajša,1,w,1
Alba,1,w,1
Aleen,1,w,1
Alessandra,1,w,1
Alia,1,w,1
Alicia,1,w,1
Alicja,1,w,1
Alin,1,w,1
Alisha,1,w,1
Alva,1,w,1
Alyson,1,w,1
Amalia-Ioana,1,w,1
Amaliya,1,w,1
Amar,1,w,1
Amari,1,w,1
Amaya-Julina,1,w,1
Ameli,1,w,1
Ami,1,w,1
Amilia,1,w,1
Amy,1,w,1
Ana,1,w,1
Anais-Andreea,1,w,1
Anais-Elisabeta,1,w,1
Anant,1,w,1
Andrea,1,w,1
Andreja,1,w,1
Ange,1,w,1
Angelina,1,w,1
Anisa,1,w,1
Anissa,1,w,1
Anita,1,w,1
Annabelle,1,w,1
Annalena,1,w,1
Anni,1,w,1
Annie,1,w,1
Anthea,1,w,1
Arevik,1,w,1
Aria,1,w,1
Arianna,1,w,1
Arita,1,w,1
Arjin,1,w,1
Arohi,1,w,1
Arzoo,1,w,1
Asel,1,w,1
Ashley,1,w,1
Asia,1,w,1
Asija,1,w,1
Asja,1,w,1
Asma,1,w,1
Asna,1,w,1
Asra,1,w,1
Assil,1,w,1
Astrid,1,w,1
Asya,1,w,1
Aurora,1,w,1
Avila,1,w,1
Avin,1,w,1
Aya,1,w,1
Ayleen,1,w,1
Aynaz,1,w,1
Aysan,1,w,1
Ayzal,1,w,1
Azra,1,w,1
Aïcha,1,w,1
Beatris,1,w,1
Benjamin,1,w,1
Biatrice,1,w,1
Blanka,1,w,1
Bogdanka,1,w,1
Brianna,1,w,1
Camilla,1,w,1
Carina,1,w,1
Carla,1,w,1
Carlotta,1,w,1
Cataleya,1,w,1
Cať,1,w,1
Celeste,1,w,1
Celia,1,w,1
Celine,1,w,1
Ceyla-Avery,1,w,1
Chiara,1,w,1
Chinelo,1,w,1
Clea,1,w,1
Dahlia,1,w,1
Dajana,1,w,1
Dalia,1,w,1
Danna,1,w,1
Darien,1,w,1
Darina,1,w,1
Daya-Odete,1,w,1
Dayna,1,w,1
Dea,1,w,1
Delana,1,w,1
Delia,1,w,1
Delina,1,w,1
Devica,1,w,1
Dhriti,1,w,1
Diala,1,w,1
Diallo,1,w,1
Diana,1,w,1
Dimah,1,w,1
Divine,1,w,1
Djannat,1,w,1
Domina,1,w,1
Donya,1,w,1
Doris,1,w,1
Dorotea,1,w,1
Dorothea,1,w,1
Ebba,1,w,1
Edda,1,w,1
Eida,1,w,1
Ejona,1,w,1
Elanor,1,w,1
Elanur,1,w,1
Elara,1,w,1
Elda,1,w,1
Eleen,1,w,1
Eli,1,w,1
Elif,1,w,1
Elikya,1,w,1
Eliora,1,w,1
Elira,1,w,1
Elisabeta,1,w,1
Elisia,1,w,1
Eliz,1,w,1
Eliza,1,w,1
Ellie,1,w,1
Ellin,1,w,1
Eloise,1,w,1
Elon,1,w,1
Emelie,1,w,1
Emielia,1,w,1
Emilija,1,w,1
Emily-Rose,1,w,1
Emilya,1,w,1
Emina,1,w,1
Enni,1,w,1
Ennya,1,w,1
Erica,1,w,1
Estera,1,w,1
Esther,1,w,1
Eva-Ioana,1,w,1
Evelyna,1,w,1
Evin,1,w,1
Eyshila,1,w,1
Fariah,1,w,1
Fatma,1,w,1
Feline,1,w,1
Feride,1,w,1
Fidan,1,w,1
Finja,1,w,1
Fiona,1,w,1
Florentina,1,w,1
Flutura,1,w,1
Franziska,1,w,1
Fritzi,1,w,1
Gabriela-Jovana,1,w,1
Gabriela,1,w,1
Georgina,1,w,1
Gerda,1,w,1
Gisela,1,w,1
Grafinja,1,w,1
Grete,1,w,1
Ha,1,w,1
Hadja,1,w,1
Hailey,1,w,1
Halime,1,w,1
Haya,1,w,1
Hayat,1,w,1
Haylie,1,w,1
Hedi,1,w,1
Hermine,1,w,1
Hevin,1,w,1
Hilda,1,w,1
Hilde,1,w,1
Hira,1,w,1
Hope,1,w,1
Ifeoma-Princess,1,w,1
Ikra,1,w,1
Ilinca,1,w,1
Ilma,1,w,1
Ilvy,1,w,1
Imana,1,w,1
Ines,1,w,1
Irem,1,w,1
Irha,1,w,1
Iryna,1,w,1
Isabell-Jolie,1,w,1
Isabella,1,w,1
Isabelle,1,w,1
Isidora,1,w,1
Ivanka,1,w,1
Ivy,1,w,1
Izabela,1,w,1
Jamila,1,w,1
Jana,1,w,1
Janika,1,w,1
Jaqueline,1,w,1
Jasin,1,w,1
Jasmine,1,w,1
Jeanie,1,w,1
Jede,1,w,1
Jelena,1,w,1
Jella,1,w,1
Jennie,1,w,1
Jessie,1,w,1
Jinin,1,w,1
Jinora,1,w,1
Joanna,1,w,1
Joleen,1,w,1
Jolie,1,w,1
Jolina,1,w,1
Joline,1,w,1
Jona,1,w,1
Josefin,1,w,1
Josephine,1,w,1
Joud,1,w,1
Joyce,1,w,1
Judy,1,w,1
Juliana,1,w,1
Julie,1,w,1
Julietta,1,w,1
Julika,1,w,1
June,1,w,1
Kaja,1,w,1
Kalotta,1,w,1
Karla,1,w,1
Katara,1,w,1
Kathy,1,w,1
Katia,1,w,1
Kauser,1,w,1
Kaya,1,w,1
Kayla,1,w,1
Kaylee,1,w,1
Khava,1,w,1
Khánh,1,w,1
Kimberly,1,w,1
Klayanne,1,w,1
Kyra,1,w,1
Käthe,1,w,1
Lacey-May,1,w,1
Lamar,1,w,1
Lamia,1,w,1
Lamis,1,w,1
Lareen,1,w,1
Laura-Marie,1,w,1
Laura-Sophie,1,w,1
Lavida,1,w,1
Lavinia,1,w,1
Laya,1,w,1
Layal,1,w,1
Layan,1,w,1
Lea-Sophie,1,w,1
Leah,1,w,1
Learta,1,w,1
Leen,1,w,1
Leevke,1,w,1
Leia,1,w,1
Lejla,1,w,1
Lejna,1,w,1
Lenia,1,w,1
Leslie,1,w,1
Letizia,1,w,1
Leyla,1,w,1
Leylani,1,w,1
Lia-Luisa,1,w,1
Lia-Sophie,1,w,1
Liah-Emilia,1,w,1
Liana,1,w,1
Lilav,1,w,1
Lili,1,w,1
Lilia,1,w,1
Lilli,1,w,1
Lily,1,w,1
Linda,1,w,1
Linh,1,w,1
Linja,1,w,1
Linn-Freydis,1,w,1
Lisa,1,w,1
Liubov,1,w,1
Livi,1,w,1
Liyana,1,w,1
Lola,1,w,1
Lolia,1,w,1
Loni,1,w,1
Loren,1,w,1
Loresa,1,w,1
Loretta,1,w,1
Lotte,1,w,1
Lotti,1,w,1
Lou,1,w,1
Louisa,1,w,1
Loulia,1,w,1
Luana,1,w,1
Lucia,1,w,1
Luciana,1,w,1
Lucy,1,w,1
Luisa,1,w,1
Luljona,1,w,1
Lunea,1,w,1
Luzie,1,w,1
Lysette,1,w,1
Léna,1,w,1
Madina,1,w,1
Madison,1,w,1
Mahlia,1,w,1
Mai,1,w,1
Maia-Sofia,1,w,1
Maile,1,w,1
Makani,1,w,1
Malea,1,w,1
Maliha,1,w,1
Maliyah,1,w,1
Malou,1,w,1
Malu,1,w,1
Manal,1,w,1
Manisa,1,w,1
Mareike,1,w,1
Mareme,1,w,1
Margarita,1,w,1
Mariatou,1,w,1
Mariella,1,w,1
Marija,1,w,1
Marleen,1,w,1
Marte,1,w,1
Maryam,1,w,1
Marybell,1,w,1
Masal,1,w,1
Mathea,1,w,1
Matilda-Rose,1,w,1
Matilde,1,w,1
Mattea,1,w,1
Mavis,1,w,1
Maxi,1,w,1
May,1,w,1
Mayan,1,w,1
Medina,1,w,1
Mehak-Meet,1,w,1
Mejra,1,w,1
Melania,1,w,1
Melany,1,w,1
Melek,1,w,1
Melisa-Emine,1,w,1
Melisa,1,w,1
Meliya,1,w,1
Melodie,1,w,1
Mera,1,w,1
Meri,1,w,1
Merliah,1,w,1
Merlinde,1,w,1
Merya,1,w,1
Meryam,1,w,1
Meryem,1,w,1
Mia-Renesme,1,w,1
Mian,1,w,1
Miana,1,w,1
Mika,1,w,1
Mila-Grace,1,w,1
Milana,1,w,1
Milav,1,w,1
Milayne-Malia,1,w,1
Milea,1,w,1
Milica,1,w,1
Milka,1,w,1
Milou,1,w,1
Minas,1,w,1
Mirabel,1,w,1
Mirabella,1,w,1
Mirha,1,w,1
Mona,1,w,1
Mufida,1,w,1
Muntaha,1,w,1
Myriam,1,w,1
Mîra,1,w,1
Naami,1,w,1
Nadia,1,w,1
Nadija,1,w,1
Namasvi,1,w,1
Naomi,1,w,1
Nareen,1,w,1
Natalia,1,w,1
Nathalie,1,w,1
Nayla,1,w,1
Nazila,1,w,1
Nectaria-Maria,1,w,1
Nehir,1,w,1
Neyla,1,w,1
Ngoc̣,1,w,1
Nha,1,w,1
Nicole,1,w,1
Nika,1,w,1
Niliya,1,w,1
Nina,1,w,1
Nisa,1,w,1
Nour,1,w,1
Novalie,1,w,1
Nurhayat,1,w,1
Nya,1,w,1
Oktavia,1,w,1
Oliwia,1,w,1
Ophelia,1,w,1
Oremi,1,w,1
Otilia,1,w,1
Oumou,1,w,1
Paloma,1,w,1
Pamela,1,w,1
Paula,1,w,1
Paulin,1,w,1
Pauline,1,w,1
Penelope,1,w,1
Peppa,1,w,1
Peyton,1,w,1
Phương,1,w,1
Piroz,1,w,1
Prem,1,w,1
Princess,1,w,1
Quisa,1,w,1
Rabiya,1,w,1
Rafna,1,w,1
Rahel,1,w,1
Rahini,1,w,1
Rania,1,w,1
Ratel,1,w,1
Ravie,1,w,1
Raya,1,w,1
Rea,1,w,1
Reana,1,w,1
Renesmee,1,w,1
Revin,1,w,1
Rike,1,w,1
Rita,1,w,1
Ronja,1,w,1
Rosa,1,w,1
Rosalia,1,w,1
Rosaly,1,w,1
Roxxy,1,w,1
Runa,1,w,1
Saanvi,1,w,1
Sabhyata,1,w,1
Safiya,1,w,1
Saja,1,w,1
Sajana,1,w,1
Salma,1,w,1
Sama,1,w,1
Sansan,1,w,1
Sarafina-Jasmin,1,w,1
Schams,1,w,1
Sedna,1,w,1
Sedra,1,w,1
Selena,1,w,1
Serafima,1,w,1
Seyidgülsüm,1,w,1
Shakila,1,w,1
Shara,1,w,1
Shaza,1,w,1
Shirin,1,w,1
Sibel,1,w,1
Sierra,1,w,1
Silva,1,w,1
Silver,1,w,1
Singo,1,w,1
Slata,1,w,1
Sofija,1,w,1
Solei,1,w,1
Solen,1,w,1
Sondos,1,w,1
Sonja,1,w,1
Sotiria,1,w,1
Steffany,1,w,1
Stormi,1,w,1
Sukhmani,1,w,1
Sumeja,1,w,1
Taghred,1,w,1
Taisiya,1,w,1
Tamika,1,w,1
Tara,1,w,1
Taraji,1,w,1
Tasia,1,w,1
Tatiana,1,w,1
Tehnan,1,w,1
Terence,1,w,1
Tessa,1,w,1
Theodora,1,w,1
Theresa,1,w,1
Tiana,1,w,1
Ties,1,w,1
Tram,1,w,1
Tukaa,1,w,1
Tường,1,w,1
Una,1,w,1
Valencia,1,w,1
Vana,1,w,1
Veda,1,w,1
Vera,1,w,1
Versawia,1,w,1
Vidya,1,w,1
Viktoria,1,w,1
Violet,1,w,1
Violetta-Felina,1,w,1
Virginia,1,w,1
Vittoria,1,w,1
Waldete,1,w,1
Wateen,1,w,1
Watien,1,w,1
Watin,1,w,1
Wilda,1,w,1
Wilma,1,w,1
Xatia,1,w,1
Yade,1,w,1
Yasina,1,w,1
Yochebed-Eliam,1,w,1
Yonela,1,w,1
Yuliyana,1,w,1
Yusra,1,w,1
Yves,1,w,1
Zalehe,1,w,1
Zaïa,1,w,1
Zelal,1,w,1
Zena,1,w,1
Zeynep,1,w,1
Zimal,1,w,1
Zohra,1,w,1
Zola,1,w,1
Zoé,1,w,1
Zunayra,1,w,1
Zélia,1,w,1
Zümra,1,w,1
Ámbar,1,w,1
Aadhiran,1,m,1
Aadvik,1,m,1
Aaran,1,m,1
Aarian,1,m,1
Aayan,1,m,1
Abdul-Wahhab,1,m,1
Abdurakhmon,1,m,1
Abhinav,1,m,1
Achille,1,m,1
Adedarasimi,1,m,1
Adem,1,m,1
Adrijano,1,m,1
Advik,1,m,1
Aeyan,1,m,1
Afnan,1,m,1
Agastya,1,m,1
Aidan,1,m,1
Aidin,1,m,1
Akim,1,m,1
Alaric,1,m,1
Alay,1,m,1
Alban,1,m,1
Albert,1,m,1
Aleksander,1,m,1
Aleksandr,1,m,1
Aleksy,1,m,1
Alend,1,m,1
Alexandre,1,m,1
Alfio,1,m,1
Alfred,1,m,1
Alpha,1,m,1
Altay,1,m,1
Alvin,1,m,1
Alwin,1,m,1
Amado,1,m,1
Amed,1,m,1
Anay,1,m,1
Andrej,1,m,1
Andrew,1,m,1
Andria,1,m,1
Andry,1,m,1
Anil-Kaan,1,m,1
Anis,1,m,1
Antonio,1,m,1
Aram,1,m,1
Ardijan,1,m,1
Aren,1,m,1
Areski,1,m,1
Arham,1,m,1
Arijan,1,m,1
Arius,1,m,1
Arne,1,m,1
Arno,1,m,1
Aron,1,m,1
Artem,1,m,1
Artin,1,m,1
Aslan,1,m,1
Assokeu,1,m,1
Athiran,1,m,1
August,1,m,1
Aurel,1,m,1
Aurelio,1,m,1
Awel,1,m,1
Ayaz,1,m,1
Ayden,1,m,1
Azaan,1,m,1
Azad,1,m,1
Azmar,1,m,1
Azzam,1,m,1
Badis,1,m,1
Baran,1,m,1
Behzad,1,m,1
Benedikt,1,m,1
Benno,1,m,1
Berkay,1,m,1
Besart,1,m,1
Bilal,1,m,1
Bjarne,1,m,1
Blum-Rova,1,m,1
Bogdan,1,m,1
Bouba,1,m,1
Brantley,1,m,1
Brayden,1,m,1
Bryan,1,m,1
Béla,1,m,1
Caio,1,m,1
Caleb-Emanuel,1,m,1
Carla,1,m,1
Casey,1,m,1
Casper,1,m,1
Cezer,1,m,1
Charly,1,m,1
Chrysander,1,m,1
Coby,1,m,1
Collin,1,m,1
Conor,1,m,1
Cristian-Andrei,1,m,1
Cyril,1,m,1
Damiano,1,m,1
Danesh,1,m,1
Danial,1,m,1
Danny,1,m,1
Darim,1,m,1
Darius,1,m,1
Data,1,m,1
Davian,1,m,1
Dayan,1,m,1
Demian,1,m,1
Deniz,1,m,1
Devin,1,m,1
Devrim,1,m,1
Diamond,1,m,1
Dijan,1,m,1
Dijar,1,m,1
Dilocan,1,m,1
Dionyss,1,m,1
Domenic,1,m,1
Dominic,1,m,1
Don,1,m,1
Dustin,1,m,1
Dwight,1,m,1
Eddy-Noel,1,m,1
Ediz,1,m,1
Edson,1,m,1
Eduard-Stefan,1,m,1
Elan,1,m,1
Eliyas,1,m,1
Ellrik,1,m,1
Elmir,1,m,1
Elvir,1,m,1
Eman,1,m,1
Emilian,1,m,1
Emiliano,1,m,1
Emin,1,m,1
Emmanuel,1,m,1
Emory,1,m,1
Emran,1,m,1
Enaser-Ivan,1,m,1
Eric,1,m,1
Etrit,1,m,1
Eugene,1,m,1
Eusebiu,1,m,1
Evan,1,m,1
Even,1,m,1
Ewen,1,m,1
Eyob,1,m,1
Fadi,1,m,1
Fares,1,m,1
Farhan,1,m,1
Fedor,1,m,1
Femi,1,m,1
Ferdinand,1,m,1
Ferrari,1,m,1
Filip-Florin,1,m,1
Filip-Matei,1,m,1
Filip,1,m,1
Finlay,1,m,1
Finnley,1,m,1
Fitz,1,m,1
Floel,1,m,1
Fred,1,m,1
Fredrik,1,m,1
Friedo,1,m,1
Friedrich,1,m,1
Fyn,1,m,1
Fynn-Liam,1,m,1
George,1,m,1
Gianfranco,1,m,1
Gianni,1,m,1
Gideon,1,m,1
Giorgi,1,m,1
Gordon,1,m,1
Hadi,1,m,1
Hagen,1,m,1
Hakan,1,m,1
Halif,1,m,1
Hanifi,1,m,1
Hardin,1,m,1
Harris,1,m,1
Harrison,1,m,1
Harry,1,m,1
Harvey,1,m,1
Hashir,1,m,1
Hektor,1,m,1
Hoang,1,m,1
Hoffmann,1,m,1
Horacio,1,m,1
Hugo,1,m,1
Iakov,1,m,1
Ianis-Gabriel,1,m,1
Ibraheem,1,m,1
Idris,1,m,1
Idriz,1,m,1
Igor,1,m,1
Ikshav,1,m,1
Ilay,1,m,1
Iliyas,1,m,1
Ilja,1,m,1
Imannur,1,m,1
Imar,1,m,1
Imir,1,m,1
Immanuel,1,m,1
Ion,1,m,1
Isa,1,m,1
Isak,1,m,1
Islam,1,m,1
Issa,1,m,1
Iyan,1,m,1
Jace,1,m,1
Jack,1,m,1
Jacob,1,m,1
Jad,1,m,1
Jaden-Joel,1,m,1
Jaden,1,m,1
Jakov,1,m,1
Jandel,1,m,1
Janne,1,m,1
Jannik,1,m,1
Jano,1,m,1
Janosch,1,m,1
Jari,1,m,1
Jaron,1,m,1
Jarosch,1,m,1
Jasmin,1,m,1
Jason,1,m,1
Jasper,1,m,1
Jax,1,m,1
Jay-Son,1,m,1
Jayce,1,m,1
Jetmir,1,m,1
Jetty,1,m,1
Jim,1,m,1
Jimmy,1,m,1
Joaquin,1,m,1
Johan,1,m,1
Jon,1,m,1
Jona,1,m,1
Jonas-Levian,1,m,1
Jonathan,1,m,1
Jonil,1,m,1
Jonte,1,m,1
Jorik,1,m,1
Jouna,1,m,1
Julien,1,m,1
Junes,1,m,1
Junis,1,m,1
Justice,1,m,1
Kaarajvir,1,m,1
Kacper,1,m,1
Kai,1,m,1
Kaleb,1,m,1
Kaled,1,m,1
Kamal,1,m,1
Karam,1,m,1
Karan,1,m,1
Karli,1,m,1
Kean,1,m,1
Kenan,1,m,1
Kenji-Cayden,1,m,1
Kenzo,1,m,1
Kerim,1,m,1
Keylem,1,m,1
Khaled,1,m,1
Kian,1,m,1
Killian,1,m,1
Kirellos,1,m,1
Kirian,1,m,1
Kiyan,1,m,1
Kjell,1,m,1
Kleo,1,m,1
Kristian,1,m,1
Krystian,1,m,1
Kurt,1,m,1
Lars,1,m,1
Laurence-Nat,1,m,1
Lauris,1,m,1
Lawin,1,m,1
Layan,1,m,1
Leandro,1,m,1
Leano,1,m,1
Lennard,1,m,1
Leonhard,1,m,1
Leron,1,m,1
Lev,1,m,1
Levent-Ismail,1,m,1
Levi-Ezechel,1,m,1
Levin-Sky,1,m,1
Levin,1,m,1
Levion,1,m,1
Lew,1,m,1
Lewi,1,m,1
Liam-Kilian,1,m,1
Lion,1,m,1
Liroy,1,m,1
Livio,1,m,1
Liyan,1,m,1
Loar,1,m,1
Logan,1,m,1
Loris,1,m,1
Lou,1,m,1
Louie,1,m,1
Luan,1,m,1
Luard,1,m,1
Luc,1,m,1
Lucas-Caleb,1,m,1
Lucas,1,m,1
Luis,1,m,1
Luka-Mateo,1,m,1
Luke,1,m,1
Luno,1,m,1
Lutz,1,m,1
Lyan-Damian,1,m,1
Lyan,1,m,1
Lyon,1,m,1
Maayon,1,m,1
Mace-Eliano,1,m,1
Maddox,1,m,1
Madoxx,1,m,1
Mads,1,m,1
Magnus,1,m,1
Mahan,1,m,1
Mahmud,1,m,1
Maiar,1,m,1
Maik,1,m,1
Mailo,1,m,1
Mailow,1,m,1
Majd,1,m,1
Maksim,1,m,1
Maliyo,1,m,1
Malte,1,m,1
Malxas,1,m,1
Mamadou,1,m,1
Marcu-Emanuel,1,m,1
Marian-Murphy,1,m,1
Maris,1,m,1
Marlin,1,m,1
Marten,1,m,1
Martin,1,m,1
Masen,1,m,1
Matheo-René,1,m,1
Matheo,1,m,1
Matias,1,m,1
Matiwos,1,m,1
Mattes,1,m,1
Mattheus,1,m,1
Matthias,1,m,1
Matti,1,m,1
Matyos,1,m,1
Mauro,1,m,1
Maverick,1,m,1
Maxim,1,m,1
Maylo,1,m,1
Mehmet,1,m,1
Mehrad,1,m,1
Mehran,1,m,1
Mels,1,m,1
Melvin,1,m,1
Merdin,1,m,1
Merlin,1,m,1
Michael,1,m,1
Miguel,1,m,1
Mihaila,1,m,1
Mikahil,1,m,1
Milan-Maxim,1,m,1
Milano,1,m,1
Milas,1,m,1
Milian,1,m,1
Milán,1,m,1
Minh,1,m,1
Miran,1,m,1
Miraz,1,m,1
Mircea,1,m,1
Miroslav,1,m,1
Mitchell,1,m,1
Moayad,1,m,1
Mohamed,1,m,1
Mohmad,1,m,1
Monte,1,m,1
Moussa,1,m,1
Muhamed,1,m,1
Muid,1,m,1
Mussa,1,m,1
Mêrxas,1,m,1
Nabil,1,m,1
Nahom,1,m,1
Najm,1,m,1
Nando,1,m,1
Natan,1,m,1
Nathan,1,m,1
Nawin,1,m,1
Nazir,1,m,1
Nelian,1,m,1
Nelio,1,m,1
Nhật,1,m,1
Nian,1,m,1
Nicolai,1,m,1
Nikar,1,m,1
Nikodem,1,m,1
Nikolai,1,m,1
Nikolaos,1,m,1
Nikolaus,1,m,1
Niran,1,m,1
Nischtiman,1,m,1
Noar,1,m,1
Noel-Ben,1,m,1
Noel,1,m,1
Norwin,1,m,1
Nouri,1,m,1
Oday,1,m,1
Ognjen,1,m,1
Ole,1,m,1
Olivier,1,m,1
Oliwier,1,m,1
Omer,1,m,1
Onwa,1,m,1
Oskar-David,1,m,1
Otto,1,m,1
Owen,1,m,1
Paco,1,m,1
Panagiotis-Paisios,1,m,1
Paolo,1,m,1
Pardeep,1,m,1
Parmi,1,m,1
Peining,1,m,1
Perry,1,m,1
Pierre,1,m,1
Prabhjotsingh,1,m,1
Pratham,1,m,1
Prince,1,m,1
Pérol,1,m,1
Qehreman,1,m,1
Quinn,1,m,1
Raffael,1,m,1
Rahmin,1,m,1
Rajan,1,m,1
Rakan,1,m,1
Ramis,1,m,1
Ramtin,1,m,1
Raonar,1,m,1
Rasul,1,m,1
Ravi,1,m,1
Ray-Finnley,1,m,1
Rayo,1,m,1
Rean,1,m,1
Rehan,1,m,1
Reiner,1,m,1
Rejin,1,m,1
Remo,1,m,1
Renato,1,m,1
Rhys,1,m,1
Ricardo,1,m,1
Riduan,1,m,1
Robin,1,m,1
Rohaan,1,m,1
Roki,1,m,1
Romil,1,m,1
Rony,1,m,1
Roy,1,m,1
Ruby,1,m,1
Rudolf,1,m,1
Saad,1,m,1
Saied,1,m,1
Saint,1,m,1
Sami,1,m,1
Samuel,1,m,1
Sanad,1,m,1
Santiago,1,m,1
Sarajuddin,1,m,1
Scherwan,1,m,1
Sean-Ryan,1,m,1
Senad,1,m,1
Sened,1,m,1
Serhad,1,m,1
Shadi,1,m,1
Shahid,1,m,1
Shani,1,m,1
Shawn,1,m,1
Sheih,1,m,1
Sheriff,1,m,1
Shlomo,1,m,1
Siem,1,m,1
Silas,1,m,1
Soheyl,1,m,1
Stanislaw,1,m,1
Stefan,1,m,1
Steven,1,m,1
Symba,1,m,1
Taavi,1,m,1
Taddeo,1,m,1
Taha,1,m,1
Taim,1,m,1
Tamil,1,m,1
Tammo,1,m,1
Tamo,1,m,1
Teo,1,m,1
Teoman,1,m,1
Thilo-Emilio,1,m,1
Thiên,1,m,1
Thomas,1,m,1
Thor,1,m,1
Théo,1,m,1
Tian,1,m,1
Timotei,1,m,1
Timothée,1,m,1
Timur,1,m,1
Titus,1,m,1
Tobias,1,m,1
Togi,1,m,1
Tommy,1,m,1
Travis,1,m,1
Trayanov-Emko,1,m,1
Trinh,1,m,1
Tristan,1,m,1
Tudor-Alexandru,1,m,1
Umut,1,m,1
Unik,1,m,1
Uqba,1,m,1
Urhan,1,m,1
Valerio,1,m,1
Valter,1,m,1
Vasilije,1,m,1
Ved,1,m,1
Veith,1,m,1
Viet,1,m,1
Vinal,1,m,1
Vincent,1,m,1
Vitus,1,m,1
Vladimir,1,m,1
Walcott,1,m,1
Walid,1,m,1
Wilfried,1,m,1
Wilhelm,1,m,1
Wim,1,m,1
Yahia,1,m,1
Yahja,1,m,1
Yakin,1,m,1
Yakup,1,m,1
Yan,1,m,1
Yannick,1,m,1
Yannik,1,m,1
Yaqub,1,m,1
Yasin,1,m,1
Yazid,1,m,1
Yonas,1,m,1
Yones,1,m,1
Yori,1,m,1
Yosef,1,m,1
Younes,1,m,1
Younus,1,m,1
Yousef,1,m,1
Yunes,1,m,1
Yunus,1,m,1
Yusef,1,m,1
Yussuf,1,m,1
Yusuf,1,m,1
Zane,1,m,1
Zavi,1,m,1
Zeko,1,m,1
Zeyd,1,m,1
Zuka,1,m,1
Zulqarnain,1,m,1
Ömer,1,m,1
Đình,1,m,1
Đức,1,m,1
Ștefan,1,m,1
Aaliyah,1,w,2
Adamova,1,w,2
Adwoa,1,w,2
Aisha,1,w,2
Ajsela,1,w,2
Akira,1,w,2
Albertovna,1,w,2
Aleksieva,1,w,2
Alexeevna,1,w,2
Alice,1,w,2
Alicen,1,w,2
Alicia,1,w,2
Alizée,1,w,2
Amalia,1,w,2
Amaya,1,w,2
Amelia,1,w,2
Amelie,1,w,2
Amy,1,w,2
An,1,w,2
Angel,1,w,2
Angela,1,w,2
Ann,1,w,2
Annelie,1,w,2
Anneliese,1,w,2
Anni,1,w,2
Antonia,1,w,2
Ariane,1,w,2
Arsenovna,1,w,2
Artiomovna,1,w,2
Athena,1,w,2
Auguste,1,w,2
Ayla,1,w,2
Barbara,1,w,2
Beatrice,1,w,2
Belinay,1,w,2
Benedicta,1,w,2
Bente,1,w,2
Blanche,1,w,2
Bogáta,1,w,2
Brigitte,1,w,2
Britta,1,w,2
Cami,1,w,2
Cansu,1,w,2
Carolina,1,w,2
Cecilia,1,w,2
Celine,1,w,2
Chantal,1,w,2
Charly,1,w,2
Chaya,1,w,2
Chizitere,1,w,2
Chloé,1,w,2
Christel,1,w,2
Christin,1,w,2
Christina,1,w,2
Claire,1,w,2
Claudia,1,w,2
Cosmea,1,w,2
Cristianiwna,1,w,2
Daniela,1,w,2
Dilan,1,w,2
Dmitrivna,1,w,2
Dmytrivna,1,w,2
Dua,1,w,2
Edith,1,w,2
Eduardova,1,w,2
Elea,1,w,2
Elena,1,w,2
Elenor,1,w,2
Eleonore,1,w,2
Eliana,1,w,2
Elisabetha,1,w,2
Elise,1,w,2
Elissa,1,w,2
Elli,1,w,2
Elsa,1,w,2
Elsbeth,1,w,2
Elvira,1,w,2
Emila,1,w,2
Emilova,1,w,2
Emin,1,w,2
Emmy,1,w,2
Eriifeoluwa,1,w,2
Erna,1,w,2
Estrella,1,w,2
Eva,1,w,2
Ewgeniewna,1,w,2
Eylül,1,w,2
Fabiola,1,w,2
Farina,1,w,2
Feline,1,w,2
Finja,1,w,2
Fonin,1,w,2
Friederike,1,w,2
Gabarovna,1,w,2
Gabriela,1,w,2
Gaia,1,w,2
Geneviéve,1,w,2
Georges,1,w,2
Ha,1,w,2
Hai,1,w,2
Hailey,1,w,2
Haizea,1,w,2
Haji,1,w,2
Hana,1,w,2
Hanna,1,w,2
Hauwa,1,w,2
Helena,1,w,2
Helene,1,w,2
Hermine,1,w,2
Holly,1,w,2
Hân,1,w,2
Ibtisam,1,w,2
Idris,1,w,2
Ilire,1,w,2
Illivna,1,w,2
Ilona,1,w,2
Inaya,1,w,2
Inyene,1,w,2
Inéz,1,w,2
Iunusovna,1,w,2
Ivanìvna,1,w,2
Jadwiga,1,w,2
Jelane,1,w,2
Jelena,1,w,2
Johnna,1,w,2
Joleen,1,w,2
Joleene,1,w,2
Jolie,1,w,2
Josefin,1,w,2
Josephina,1,w,2
Kalea,1,w,2
Kalinova,1,w,2
Karina,1,w,2
Karlotta,1,w,2
Kishia,1,w,2
Käthe,1,w,2
Laetitia,1,w,2
Lana,1,w,2
Lara,1,w,2
Layan,1,w,2
Layla,1,w,2
Lea,1,w,2
Lee,1,w,2
Lena,1,w,2
Leonie,1,w,2
Leonore,1,w,2
Leya,1,w,2
Leyla,1,w,2
Lia,1,w,2
Lina,1,w,2
Linea,1,w,2
Linh,1,w,2
Linnea,1,w,2
Lisa,1,w,2
Livia,1,w,2
Lory,1,w,2
Lotta,1,w,2
Lou,1,w,2
Louisa,1,w,2
Loélya,1,w,2
Lucy,1,w,2
Luisa,1,w,2
Luise,1,w,2
Lysann,1,w,2
Madina,1,w,2
Maeve,1,w,2
Maggie,1,w,2
Manuela,1,w,2
Margarete,1,w,2
Margaretha,1,w,2
Mari,1,w,2
Marlen,1,w,2
Marlena,1,w,2
Martina,1,w,2
Mary,1,w,2
Mathilde,1,w,2
May,1,w,2
Mayla,1,w,2
Melanie,1,w,2
Melina,1,w,2
Meliyanna,1,w,2
Melody,1,w,2
Mia,1,w,2
Milena,1,w,2
Minha,1,w,2
Miriam,1,w,2
Mischa,1,w,2
Momo,1,w,2
Myriame,1,w,2
Nadine,1,w,2
Naima,1,w,2
Nala,1,w,2
Narayan,1,w,2
Narin,1,w,2
Nayla,1,w,2
Nayru,1,w,2
Nchinda,1,w,2
Neda,1,w,2
Njegoša,1,w,2
Nurbek,1,w,2
Nuri,1,w,2
Oghoghosa,1,w,2
Ognyanova,1,w,2
Olehovič,1,w,2
Onyinyechi,1,w,2
Orelia,1,w,2
Paisia,1,w,2
Peppa,1,w,2
Pimi,1,w,2
Priya,1,w,2
Rae,1,w,2
Reni,1,w,2
Ria,1,w,2
Rika,1,w,2
Rike,1,w,2
Rosa,1,w,2
Sabrina,1,w,2
Saidamir,1,w,2
Samanta,1,w,2
Samira,1,w,2
San,1,w,2
Sarah,1,w,2
Sarahi,1,w,2
Sergiivna,1,w,2
Sergìïvna,1,w,2
Sham,1,w,2
Sherin,1,w,2
Shirin,1,w,2
Sielima,1,w,2
Sofi,1,w,2
Stacy,1,w,2
Stefania,1,w,2
Stella,1,w,2
Stephanie,1,w,2
Sukhrob,1,w,2
Summer,1,w,2
Tariq,1,w,2
Tasnim,1,w,2
Terezija,1,w,2
Thao,1,w,2
Theodora,1,w,2
Thuc,1,w,2
Timurova,1,w,2
Umer,1,w,2
Ursula,1,w,2
Uyen,1,w,2
Valerica,1,w,2
Vera,1,w,2
Viktoria,1,w,2
Vy,1,w,2
Vyacheslavovna,1,w,2
Walja,1,w,2
Waltraud,1,w,2
Wilhelmine,1,w,2
Woodsatu,1,w,2
Wubit,1,w,2
Yasmeen,1,w,2
Zainab,1,w,2
Zara,1,w,2
Zea,1,w,2
Zeynep,1,w,2
Zora,1,w,2
Zulfiya,1,w,2
Şirin,1,w,2
Abdelrahman,1,m,2
Abid,1,m,2
Addis,1,m,2
Aimee,1,m,2
Akari,1,m,2
Akhmadovich,1,m,2
Alaa,1,m,2
Albert,1,m,2
Alexandr,1,m,2
Ali,1,m,2
Amaury,1,m,2
Amin,1,m,2
An,1,m,2
Andrei,1,m,2
Angelov,1,m,2
Arbor,1,m,2
Ari,1,m,2
Arndt,1,m,2
Arslan,1,m,2
Artemović,1,m,2
Asadullah,1,m,2
Asghar,1,m,2
Ash,1,m,2
Austine,1,m,2
Avraam,1,m,2
Ayden,1,m,2
Aysunov,1,m,2
Aziz,1,m,2
Balthasar,1,m,2
Baran,1,m,2
Bashar,1,m,2
Bennet,1,m,2
Bennett,1,m,2
Bernd,1,m,2
Bin,1,m,2
Bob,1,m,2
Bodo,1,m,2
Bruno,1,m,2
Calvino,1,m,2
Carl,1,m,2
Carlo,1,m,2
Caspar,1,m,2
Caspian,1,m,2
Castiel,1,m,2
Chiemeka,1,m,2
Châu,1,m,2
Clemens,1,m,2
Cyril,1,m,2
Das,1,m,2
David-Junior,1,m,2
Dayan,1,m,2
Deen,1,m,2
Denis,1,m,2
Dennis,1,m,2
Diebou,1,m,2
Djibrail,1,m,2
Edin,1,m,2
Edmund,1,m,2
Edward,1,m,2
Elfatih,1,m,2
Eliah,1,m,2
Eliyah,1,m,2
Eliyas,1,m,2
Emilevic,1,m,2
Emin,1,m,2
Emir,1,m,2
Emmanuel,1,m,2
Enes,1,m,2
Enow,1,m,2
Enriko,1,m,2
Erik,1,m,2
Eymen,1,m,2
Eyob,1,m,2
Farsam,1,m,2
Fiete,1,m,2
Finley,1,m,2
Finn,1,m,2
Finneas,1,m,2
Finnlay,1,m,2
Finnley,1,m,2
Franz,1,m,2
Fred,1,m,2
Fulgens,1,m,2
Fynn,1,m,2
Ganbe,1,m,2
Gawyn,1,m,2
Genna,1,m,2
Gino,1,m,2
Gunnar,1,m,2
Günther,1,m,2
Hadi,1,m,2
Hans,1,m,2
Hardee,1,m,2
Heiko,1,m,2
Heinrich,1,m,2
Helge,1,m,2
Henrik,1,m,2
Henry,1,m,2
Holger,1,m,2
Horst,1,m,2
Hoàng,1,m,2
Iliya,1,m,2
Immanuel,1,m,2
Inti,1,m,2
Ishtiyak,1,m,2
Islam,1,m,2
Ivanoviĉ,1,m,2
Jacob,1,m,2
Jaden,1,m,2
Jakub,1,m,2
Jamie,1,m,2
Jarno,1,m,2
Jaro,1,m,2
Jasper,1,m,2
Jidenna,1,m,2
Joan,1,m,2
Joie,1,m,2
Jona,1,m,2
Jonah,1,m,2
Jordan,1,m,2
Joris,1,m,2
Jorvin,1,m,2
Jos,1,m,2
Joshua,1,m,2
Josiah,1,m,2
Jovenel,1,m,2
Julian,1,m,2
Juliano,1,m,2
Junior,1,m,2
Juri,1,m,2
Jusuf,1,m,2
Jürgen,1,m,2
Kalle,1,m,2
Kayhan,1,m,2
Kelvin,1,m,2
Kerim,1,m,2
Khaled,1,m,2
Khoi,1,m,2
Kien,1,m,2
Komilovich,1,m,2
Konrad,1,m,2
Kwame,1,m,2
Larsowytsch,1,m,2
Lasse,1,m,2
Latif,1,m,2
Lawrence,1,m,2
Leano,1,m,2
Leo,1,m,2
Leonardt,1,m,2
Levente,1,m,2
Lewan,1,m,2
Liano,1,m,2
Lio,1,m,2
Lionel,1,m,2
Lloyd,1,m,2
Loki,1,m,2
Long,1,m,2
Lou,1,m,2
Lucien,1,m,2
Lutz,1,m,2
Lyon,1,m,2
Léo,1,m,2
Léon,1,m,2
Maddox,1,m,2
Mahmoud,1,m,2
Mailo,1,m,2
Maina,1,m,2
Maksim,1,m,2
Malio,1,m,2
Manh,1,m,2
Marco,1,m,2
Maria,1,m,2
Martin,1,m,2
Marty,1,m,2
Marven,1,m,2
Matei,1,m,2
Mateo,1,m,2
Matteo,1,m,2
Matthew,1,m,2
Maurice,1,m,2
Mauricio,1,m,2
Maxim,1,m,2
Maxwell,1,m,2
Meg,1,m,2
Mehdi,1,m,2
Memphis,1,m,2
Mert,1,m,2
Miguel,1,m,2
Mohamed,1,m,2
Moise,1,m,2
Moris,1,m,2
Mouctan,1,m,2
Muhamed,1,m,2
Mujtaba,1,m,2
Muomachidoziem,1,m,2
Nana,1,m,2
Naser,1,m,2
Nathanael,1,m,2
Nawin,1,m,2
Nelson,1,m,2
Neo,1,m,2
Neychev,1,m,2
Nikolaevič,1,m,2
Nikolai,1,m,2
Nilan,1,m,2
Nour,1,m,2
Nyaho,1,m,2
Okikiola,1,m,2
Olaf,1,m,2
Olashubomi,1,m,2
Ole,1,m,2
Olegowič,1,m,2
Olivier,1,m,2
Oshiomoagbome,1,m,2
Oskar,1,m,2
Owen,1,m,2
Ozan,1,m,2
Pablo,1,m,2
Pascal,1,m,2
Pau,1,m,2
Pavel,1,m,2
Peppels,1,m,2
Phillipp,1,m,2
Phong,1,m,2
Prosper,1,m,2
Quang,1,m,2
Rabih,1,m,2
Rafael,1,m,2
Ralitsas,1,m,2
Ramon,1,m,2
René,1,m,2
Rick,1,m,2
Rio,1,m,2
Romano,1,m,2
Roni,1,m,2
Rudi,1,m,2
Rui,1,m,2
Ryan,1,m,2
Saad,1,m,2
Saleh,1,m,2
Samatovich,1,m,2
Sasa,1,m,2
Serafin,1,m,2
Sergeevich,1,m,2
Sidney,1,m,2
Sigur,1,m,2
Simon,1,m,2
Singh,1,m,2
Stanisław,1,m,2
Steffen,1,m,2
Stephan,1,m,2
Stephen-Winfried,1,m,2
Sylwester,1,m,2
Sơn,1,m,2
Taavi,1,m,2
Tabichoke,1,m,2
Tayyeb,1,m,2
Tchilibou,1,m,2
Teo,1,m,2
Thiên,1,m,2
Thorin,1,m,2
Tim,1,m,2
Timon,1,m,2
Toni,1,m,2
Tri,1,m,2
Tyler,1,m,2
Tylor,1,m,2
Ulrich,1,m,2
Vadimovič,1,m,2
Valentin,1,m,2
Viacheslavovich,1,m,2
Viktor,1,m,2
Volker,1,m,2
Wealth,1,m,2
William,1,m,2
Yiğit,1,m,2
Yousef,1,m,2
Yusuf,1,m,2
Zohan,1,m,2
Élian,1,m,2
Alexis,1,w,3
Ayumi,1,w,3
Carola,1,w,3
Chanel,1,w,3
Chi,1,w,3
Christa,1,w,3
Cornelia,1,w,3
Dina,1,w,3
Djenaba,1,w,3
Doris,1,w,3
Elena,1,w,3
Elly,1,w,3
Filipa,1,w,3
Fraya,1,w,3
Grace,1,w,3
Hanna,1,w,3
Helga,1,w,3
Irene,1,w,3
Jaffery,1,w,3
Jun,1,w,3
Karima,1,w,3
Kechi,1,w,3
Kizi,1,w,3
kizi,1,w,3
Lili,1,w,3
Ling,1,w,3
Lucie,1,w,3
Lucija,1,w,3
Luna,1,w,3
Mailyn,1,w,3
Melody,1,w,3
Milou,1,w,3
Mpongo,1,w,3
My,1,w,3
Neptune,1,w,3
Nita,1,w,3
Njeri,1,w,3
Oowo,1,w,3
Qizi,1,w,3
qizi,1,w,3
Raja,1,w,3
Rose,1,w,3
Sam,1,w,3
Sylvia,1,w,3
Vy,1,w,3
Zhiyuan,1,w,3
Abdallah,1,m,3
Abdulelah,1,m,3
Andre,1,m,3
Anton,1,m,3
August,1,m,3
Aurelio,1,m,3
Baakye,1,m,3
Balthasar,1,m,3
Banx,1,m,3
Christian,1,m,3
Cudjoe,1,m,3
Dang,1,m,3
Denis,1,m,3
Detlef,1,m,3
Dieter,1,m,3
Erik,1,m,3
Friedrich,1,m,3
Germar,1,m,3
Gustav,1,m,3
Heiko,1,m,3
Hoàng,1,m,3
Ikpomwosa,1,m,3
Jasper,1,m,3
Jonathan,1,m,3
Junior,1,m,3
Khairo,1,m,3
Khang,1,m,3
Kurt,1,m,3
Lounes,1,m,3
Malik,1,m,3
Manuel,1,m,3
Masood,1,m,3
Merle,1,m,3
Mike,1,m,3
Minh,1,m,3
Mohammed,1,m,3
Nicholas,1,m,3
Oliver,1,m,3
Orock,1,m,3
Otto,1,m,3
Patrick,1,m,3
Peter,1,m,3
Salem,1,m,3
Sulthan,1,m,3
Sun-Jae,1,m,3
Theresa,1,m,3
Tu,1,m,3
Uchenna,1,m,3
Ulli,1,m,3
Valentin,1,m,3
Vũ,1,m,3
William,1,m,3
Willoughby,1,m,3
Yang,1,m,3
Lori,1,w,4
Sen,1,w,4
Abdalrahman,1,m,4
Frank,1,m,4
Fritz,1,m,4
Werner,1,m,4
Mohamed,1,m,5
