anzahl;vorname;geschlecht;position
34;Marie;w;2
21;Emilia;w;1
21;Emil;m;1
21;Sophie;w;2
19;Ella;w;1
19;Jonas;m;1
18;Levi;m;1
17;Anton;m;1
17;Jakob;m;1
17;Louis;m;1
17;Oskar;m;1
16;Adam;m;1
16;Leon;m;1
16;Maria;w;2
15;Alma;w;1
15;Leni;w;1
15;Paul;m;1
14;Ben;m;1
14;Noah;m;1
13;Luca;m;1
12;Ida;w;1
12;Marie;w;1
12;David;m;1
12;Leo;m;1
12;Theodor;m;1
12;Emilia;w;2
12;Elias;m;2
12;Paul;m;2
11;Charlotte;w;1
11;Emily;w;1
11;Lea;w;1
11;Mia;w;1
11;Mila;w;1
11;Felix;m;1
11;Matheo;m;1
11;Milan;m;1
11;Karl;m;2
10;Amelie;w;1
10;Clara;w;1
10;Nele;w;1
10;Elias;m;1
10;Finn;m;1
10;Fritz;m;1
10;Leonard;m;1
10;Liam;m;1
10;Malik;m;1
10;Maximilian;m;1
10;Elisabeth;w;2
10;Mathilda;w;2
10;Sophia;w;2
10;Alexander;m;2
9;Anna;w;1
9;Ayla;w;1
9;Emma;w;1
9;Helena;w;1
9;Lena;w;1
9;Lilly;w;1
9;Lina;w;1
9;Luna;w;1
9;Sophia;w;1
9;Jonathan;m;1
9;Milo;m;1
9;Lou;w;2
9;David;m;2
9;Leon;m;2
9;Levi;m;2
8;Antonia;w;1
8;Isabella;w;1
8;Johanna;w;1
8;Julia;w;1
8;Leonie;w;1
8;Liv;w;1
8;Maria;w;1
8;Nora;w;1
8;Romy;w;1
8;Sofia;w;1
8;Carl;m;1
8;Daniel;m;1
8;Jannis;m;1
8;Lio;m;1
8;Lukas;m;1
8;Theo;m;1
8;Maximilian;m;2
7;Alina;w;1
7;Alva;w;1
7;Amelia;w;1
7;Ava;w;1
7;Juna;w;1
7;Lotta;w;1
7;Mathilda;w;1
7;Matilda;w;1
7;Maya;w;1
7;Merle;w;1
7;Olivia;w;1
7;Rosalie;w;1
7;Aras;m;1
7;Gabriel;m;1
7;Matteo;m;1
7;Mika;m;1
7;Moritz;m;1
7;Alexandra;w;2
7;Anna;w;2
7;Charlotte;w;2
7;Luise;w;2
7;Liam;m;2
7;Valentin;m;2
6;Anouk;w;1
6;Edda;w;1
6;Elena;w;1
6;Elisa;w;1
6;Elisabeth;w;1
6;Frieda;w;1
6;Fritzi;w;1
6;Lara;w;1
6;Liya;w;1
6;Luisa;w;1
6;Luise;w;1
6;Malea;w;1
6;Malia;w;1
6;Mina;w;1
6;Rosa;w;1
6;Sophie;w;1
6;Thea;w;1
6;Tilda;w;1
6;Alexander;m;1
6;Arthur;m;1
6;Caspar;m;1
6;Fabian;m;1
6;Fiete;m;1
6;Gustav;m;1
6;Henry;m;1
6;Kilian;m;1
6;Konstantin;m;1
6;Linus;m;1
6;Samuel;m;1
6;Tim;m;1
6;Johanna;w;2
6;Luisa;w;2
6;Pauline;w;2
6;Rose;w;2
6;Fritz;m;2
6;Gabriel;m;2
6;Luca;m;2
5;Amalia;w;1
5;Aurelia;w;1
5;Ela;w;1
5;Elina;w;1
5;Hailey;w;1
5;Hanna;w;1
5;Klara;w;1
5;Laura;w;1
5;Leah;w;1
5;Lia;w;1
5;Louisa;w;1
5;Mara;w;1
5;Marlene;w;1
5;Mira;w;1
5;Nana;w;1
5;Nina;w;1
5;Sara;w;1
5;Valentina;w;1
5;Victoria;w;1
5;Aaron;m;1
5;Ali;m;1
5;Bruno;m;1
5;Dean;m;1
5;Emilio;m;1
5;Erik;m;1
5;Henri;m;1
5;Jan;m;1
5;Karl;m;1
5;Lasse;m;1
5;Levin;m;1
5;Luis;m;1
5;Marlon;m;1
5;Mateo;m;1
5;Max;m;1
5;Mohammad;m;1
5;Rayan;m;1
5;Rio;m;1
5;Till;m;1
5;Valentin;m;1
5;Vincent;m;1
5;Luna;w;2
5;Malina;w;2
5;Marlene;w;2
5;Victoria;w;2
5;Benjamin;m;2
5;Emil;m;2
5;Emilian;m;2
5;Finn;m;2
5;Henry;m;2
5;Leopold;m;2
5;Martin;m;2
5;Theodor;m;2
4;Ada;w;1
4;Alia;w;1
4;Alicia;w;1
4;Carlotta;w;1
4;Dua;w;1
4;Fiona;w;1
4;Hannah;w;1
4;Helene;w;1
4;Helin;w;1
4;Karla;w;1
4;Leona;w;1
4;Linda;w;1
4;Lou;w;1
4;Maja;w;1
4;Malina;w;1
4;Martha;w;1
4;Melissa;w;1
4;Michelle;w;1
4;Milena;w;1
4;Nova;w;1
4;Selma;w;1
4;Talia;w;1
4;Viktoria;w;1
4;Yara;w;1
4;Yuna;w;1
4;Zeynep;w;1
4;Adrian;m;1
4;Anthony;m;1
4;August;m;1
4;Ayaz;m;1
4;Bo;m;1
4;Carlo;m;1
4;Charlie;m;1
4;Edgar;m;1
4;Elian;m;1
4;Emir;m;1
4;Filip;m;1
4;Janosch;m;1
4;Johann;m;1
4;Jonah;m;1
4;Joshua;m;1
4;Julian;m;1
4;Julius;m;1
4;Junis;m;1
4;Justus;m;1
4;Kiyan;m;1
4;Leander;m;1
4;Lion;m;1
4;Lionel;m;1
4;Luka;m;1
4;Malte;m;1
4;Mats;m;1
4;Mattis;m;1
4;Maxim;m;1
4;Miran;m;1
4;Miron;m;1
4;Nelio;m;1
4;Nicolas;m;1
4;Niklas;m;1
4;Noel;m;1
4;Rafael;m;1
4;Sam;m;1
4;Samu;m;1
4;Simon;m;1
4;Tom;m;1
4;Viktor;m;1
4;Amalia;w;2
4;Aurelia;w;2
4;Ava;w;2
4;Elise;w;2
4;Frieda;w;2
4;Fritzi;w;2
4;Helena;w;2
4;Helene;w;2
4;Ida;w;2
4;Jolie;w;2
4;Liv;w;2
4;Louise;w;2
4;Anton;m;2
4;Aurel;m;2
4;Felix;m;2
4;Friedrich;m;2
4;Leander;m;2
4;Leo;m;2
4;Leonard;m;2
4;Levin;m;2
4;Luis;m;2
4;Malik;m;2
4;Maria;m;2
4;Noel;m;2
4;Oskar;m;2
4;Otis;m;2
4;Thomas;m;2
4;Vincent;m;2
4;Wilhelm;m;2
4;Lou;w;3
4;Rose;w;3
4;Paul;m;3
4;Peter;m;3
4;Thomas;m;3
3;Alara;w;1
3;Aliyah;w;1
3;Amira;w;1
3;Amélie;w;1
3;Angelina;w;1
3;Aria;w;1
3;Ariana;w;1
3;Aurora;w;1
3;Billie;w;1
3;Cleo;w;1
3;Eda;w;1
3;Elif;w;1
3;Eline;w;1
3;Flora;w;1
3;Freya;w;1
3;Frida;w;1
3;Gaia;w;1
3;Hafsa;w;1
3;Hilda;w;1
3;Hira;w;1
3;Isabelle;w;1
3;Jette;w;1
3;Josephine;w;1
3;Kayla;w;1
3;Laila;w;1
3;Lana;w;1
3;Leila;w;1
3;Leyla;w;1
3;Lilia;w;1
3;Livia;w;1
3;Malou;w;1
3;Mariam;w;1
3;Mayla;w;1
3;Melek;w;1
3;Mika;w;1
3;Momo;w;1
3;Nisa;w;1
3;Noelia;w;1
3;Paula;w;1
3;Romina;w;1
3;Ruby;w;1
3;Sena;w;1
3;Smilla;w;1
3;Stella;w;1
3;Tala;w;1
3;Valeria;w;1
3;Valerie;w;1
3;Abdullah;m;1
3;Antonio;m;1
3;Ari;m;1
3;Arian;m;1
3;Armin;m;1
3;Bela;m;1
3;Benjamin;m;1
3;Bjarne;m;1
3;Cosmo;m;1
3;Damian;m;1
3;Diego;m;1
3;Elio;m;1
3;Enno;m;1
3;Florian;m;1
3;Frederik;m;1
3;Friedrich;m;1
3;Fynn;m;1
3;Jasper;m;1
3;Jona;m;1
3;Jonte;m;1
3;Joris;m;1
3;Kai;m;1
3;Keno;m;1
3;Leano;m;1
3;Leonidas;m;1
3;Lev;m;1
3;Lian;m;1
3;Ludwig;m;1
3;Mads;m;1
3;Mahmoud;m;1
3;Mailo;m;1
3;Marc;m;1
3;Marlo;m;1
3;Mattheo;m;1
3;Matti;m;1
3;Mert;m;1
3;Mikael;m;1
3;Mio;m;1
3;Miro;m;1
3;Muhammed;m;1
3;Mustafa;m;1
3;Nikita;m;1
3;Ole;m;1
3;Oscar;m;1
3;Otto;m;1
3;Pepe;m;1
3;Piet;m;1
3;Pino;m;1
3;Robin;m;1
3;Sebastian;m;1
3;Younes;m;1
3;Yousef;m;1
3;Yunus;m;1
3;Zayn;m;1
3;Augusta;w;2
3;Aurora;w;2
3;Elaine;w;2
3;Eva;w;2
3;Henriette;w;2
3;Karla;w;2
3;Lina;w;2
3;Lucia;w;2
3;Marina;w;2
3;Marlena;w;2
3;Melody;w;2
3;Mia;w;2
3;Nicole;w;2
3;Paula;w;2
3;Rosa;w;2
3;Ruby;w;2
3;Sofia;w;2
3;Sofie;w;2
3;Theresa;w;2
3;Aaron;m;2
3;Alfred;m;2
3;Ali;m;2
3;Bo;m;2
3;Bruno;m;2
3;Daniel;m;2
3;Elian;m;2
3;Elliot;m;2
3;Emanuel;m;2
3;Gustav;m;2
3;Henri;m;2
3;Ilyas;m;2
3;Jakob;m;2
3;Jonah;m;2
3;Josef;m;2
3;Karim;m;2
3;Kasimir;m;2
3;Kasper;m;2
3;Lorenz;m;2
3;Lou;m;2
3;Louis;m;2
3;Mario;m;2
3;Mateo;m;2
3;Michael;m;2
3;Milo;m;2
3;Neo;m;2
3;Niklas;m;2
3;Noah;m;2
3;Ole;m;2
3;Otto;m;2
3;René;m;2
3;Elisabeth;w;3
3;Marie;w;3
2;Alea;w;1
2;Alice;w;1
2;Alicja;w;1
2;Alisa;w;1
2;Alya;w;1
2;Amy;w;1
2;Anastasia;w;1
2;Anni;w;1
2;Annie;w;1
2;Arya;w;1
2;Astrid;w;1
2;Aya;w;1
2;Batoul;w;1
2;Bella;w;1
2;Carla;w;1
2;Celine;w;1
2;Chiara;w;1
2;Delal;w;1
2;Diana;w;1
2;Edith;w;1
2;Elea;w;1
2;Eleni;w;1
2;Elin;w;1
2;Elva;w;1
2;Emilija;w;1
2;Eva;w;1
2;Evelyn;w;1
2;Felina;w;1
2;Feline;w;1
2;Fjella;w;1
2;Haya;w;1
2;Haylie;w;1
2;Heidi;w;1
2;Henriette;w;1
2;Ikra;w;1
2;Ilvi;w;1
2;Ilvy;w;1
2;Ivy;w;1
2;Jade;w;1
2;Jasmin;w;1
2;Jonna;w;1
2;Josefine;w;1
2;Julie;w;1
2;June;w;1
2;Karolina;w;1
2;Khadija;w;1
2;Kiara;w;1
2;Kim;w;1
2;Larissa;w;1
2;Lavin;w;1
2;Layan;w;1
2;Layla;w;1
2;Lenia;w;1
2;Leonora;w;1
2;Liana;w;1
2;Lilli;w;1
2;Lily;w;1
2;Linnea;w;1
2;Lisa;w;1
2;Liva;w;1
2;Liyah;w;1
2;Lovis;w;1
2;Lucia;w;1
2;Lucie;w;1
2;Lucy;w;1
2;Malak;w;1
2;Malin;w;1
2;Mariella;w;1
2;Marleen;w;1
2;Marlie;w;1
2;Marta;w;1
2;Masal;w;1
2;Mathilde;w;1
2;Medeea;w;1
2;Medina;w;1
2;Merida;w;1
2;Meryem;w;1
2;Milla;w;1
2;Miriam;w;1
2;Nala;w;1
2;Neyla;w;1
2;Nike;w;1
2;Noa;w;1
2;Nour;w;1
2;Paulina;w;1
2;Pauline;w;1
2;Pia;w;1
2;Rana;w;1
2;Rania;w;1
2;Ronja;w;1
2;Rosalia;w;1
2;Runa;w;1
2;Sama;w;1
2;Samira;w;1
2;Sarah;w;1
2;Sidra;w;1
2;Sila;w;1
2;Skadi;w;1
2;Summer;w;1
2;Tabea;w;1
2;Tessa;w;1
2;Tuana;w;1
2;Una;w;1
2;Valea;w;1
2;Vanessa;w;1
2;Veronika;w;1
2;Zoë;w;1
2;Abel;m;1
2;Ahmad;m;1
2;Aidan;m;1
2;Aiden;m;1
2;Albert;m;1
2;Alvar;m;1
2;Amar;m;1
2;Amir;m;1
2;Anas;m;1
2;Antoni;m;1
2;Arlo;m;1
2;Aron;m;1
2;Bene;m;1
2;Benedikt;m;1
2;Bennet;m;1
2;Benno;m;1
2;Berat;m;1
2;Bosse;m;1
2;Connor;m;1
2;Danilo;m;1
2;Darian;m;1
2;Dario;m;1
2;Darius;m;1
2;Dimitrij;m;1
2;Eddie;m;1
2;Ediz;m;1
2;Eli;m;1
2;Elia;m;1
2;Elyas;m;1
2;Emilian;m;1
2;Enea;m;1
2;Eren;m;1
2;Franz;m;1
2;Fred;m;1
2;Frido;m;1
2;Idris;m;1
2;Ilia;m;1
2;Ilian;m;1
2;Ilja;m;1
2;Ilyas;m;1
2;Imran;m;1
2;Isa;m;1
2;Issa;m;1
2;Ivan;m;1
2;İlyas;m;1
2;Jaspar;m;1
2;Jim;m;1
2;Joel;m;1
2;John;m;1
2;Johnathan;m;1
2;Jonne;m;1
2;Josef;m;1
2;Kasim;m;1
2;Kolja;m;1
2;Kuno;m;1
2;Lennard;m;1
2;Lennart;m;1
2;Lennox;m;1
2;Leonardo;m;1
2;Lewin;m;1
2;Lior;m;1
2;Livan;m;1
2;Liyan;m;1
2;Lorenz;m;1
2;Luan;m;1
2;Luke;m;1
2;Mahir;m;1
2;Malek;m;1
2;Malio;m;1
2;Manuel;m;1
2;Mario;m;1
2;Martin;m;1
2;Matthias;m;1
2;Maylo;m;1
2;Michel;m;1
2;Mikail;m;1
2;Miko;m;1
2;Mohamed;m;1
2;Mounir;m;1
2;Musa;m;1
2;Naël;m;1
2;Niko;m;1
2;Nikolai;m;1
2;Nino;m;1
2;Noam;m;1
2;Oliver;m;1
2;Pablo;m;1
2;Pascal;m;1
2;Peter;m;1
2;Phil;m;1
2;Ragnar;m;1
2;Raphael;m;1
2;Rudi;m;1
2;Rumi;m;1
2;Rémi;m;1
2;Salih;m;1
2;Santino;m;1
2;Sayed;m;1
2;Sol;m;1
2;Tian;m;1
2;Toni;m;1
2;Victor;m;1
2;Viggo;m;1
2;William;m;1
2;Willo;m;1
2;Wim;m;1
2;Yakup;m;1
2;Yamaç;m;1
2;Yoshua;m;1
2;Yuma;m;1
2;Yusuf;m;1
2;Zion;m;1
2;Ömer;m;1
2;Adele;w;2
2;Alva;w;2
2;Amanda;w;2
2;Amélie;w;2
2;Anastasia;w;2
2;Anaïs;w;2
2;Anouk;w;2
2;Anthea;w;2
2;Antonia;w;2
2;Athena;w;2
2;Danuta;w;2
2;Eden;w;2
2;Elena;w;2
2;Eliana;w;2
2;Elin;w;2
2;Elizabeth;w;2
2;Elma;w;2
2;Emilie;w;2
2;Emily;w;2
2;Felicitas;w;2
2;Grace;w;2
2;Helen;w;2
2;Helga;w;2
2;Isabell;w;2
2;Isabelle;w;2
2;Iwinosa;w;2
2;Jasmin;w;2
2;Jasmine;w;2
2;Josefine;w;2
2;Josephine;w;2
2;June;w;2
2;Kalea;w;2
2;Katrin;w;2
2;Klara;w;2
2;Käthe;w;2
2;Lara;w;2
2;Leni;w;2
2;Leonie;w;2
2;Leonore;w;2
2;Leyla;w;2
2;Lilly;w;2
2;Lilo;w;2
2;Lilou;w;2
2;Lotta;w;2
2;Lucie;w;2
2;Maja;w;2
2;Malou;w;2
2;Mana;w;2
2;Mara;w;2
2;Margarete;w;2
2;Marisa;w;2
2;Marlen;w;2
2;Marlies;w;2
2;Mathilde;w;2
2;Matilda;w;2
2;Melek;w;2
2;Meryem;w;2
2;Mila;w;2
2;Momo;w;2
2;Monika;w;2
2;Noemi;w;2
2;Nur;w;2
2;Rosalie;w;2
2;Rosemarie;w;2
2;Ruth;w;2
2;Viktoria;w;2
2;Wilhelmine;w;2
2;Ahmed;m;2
2;Albert;m;2
2;Aleksandar;m;2
2;Anthony;m;2
2;Arthur;m;2
2;Artur;m;2
2;August;m;2
2;Augustin;m;2
2;Bela;m;2
2;Ben;m;2
2;Bernd;m;2
2;Can;m;2
2;Christian;m;2
2;Christopher;m;2
2;Dean;m;2
2;Dominik;m;2
2;Efe;m;2
2;Elio;m;2
2;Eric;m;2
2;Finlay;m;2
2;Franz;m;2
2;Frederik;m;2
2;Georg;m;2
2;George;m;2
2;Hamish;m;2
2;Hans;m;2
2;Heinz;m;2
2;İbrahim;m;2
2;Jaron;m;2
2;Joel;m;2
2;Johann;m;2
2;Jonas;m;2
2;Jonathan;m;2
2;Justus;m;2
2;Klaus;m;2
2;Kurt;m;2
2;Lasse;m;2
2;Leonardo;m;2
2;Lev;m;2
2;Luan;m;2
2;Ludwig;m;2
2;Lukas;m;2
2;Luke;m;2
2;Marcel;m;2
2;Marten;m;2
2;Matteo;m;2
2;Mehmet;m;2
2;Merlin;m;2
2;Milan;m;2
2;Mio;m;2
2;Miro;m;2
2;Mohamed;m;2
2;Nikola;m;2
2;Pascal;m;2
2;Patrice;m;2
2;Pepe;m;2
2;Prince;m;2
2;Rafael;m;2
2;Raphael;m;2
2;Reinhard;m;2
2;Richard;m;2
2;Sam;m;2
2;Samuel;m;2
2;Sebastian;m;2
2;Sven;m;2
2;Tom;m;2
2;Uwe;m;2
2;Willem;m;2
2;Wolfgang;m;2
2;Yul;m;2
2;Ömer;m;2
2;Barbara;w;3
2;Charlotte;w;3
2;Elise;w;3
2;Lotte;w;3
2;Louise;w;3
2;Luise;w;3
2;Luna;w;3
2;Maja;w;3
2;Maria;w;3
2;Ruth;w;3
2;Sophie;w;3
2;Alexander;m;3
2;Benjamin;m;3
2;Dieter;m;3
2;Maximilian;m;3
2;Nikolai;m;3
2;Otto;m;3
2;Wolfgang;m;3
1;Aala;w;1
1;Aamirah;w;1
1;Abigail-Rose;w;1
1;Adaja;w;1
1;Adebi;w;1
1;Adela;w;1
1;Adele;w;1
1;Adell;w;1
1;Adelya;w;1
1;Adeola-Christine;w;1
1;Adnana;w;1
1;Adriana;w;1
1;Ahonya;w;1
1;Ahsen;w;1
1;Aisha;w;1
1;Aissatta;w;1
1;Alaa;w;1
1;Alaya;w;1
1;Aleksandra;w;1
1;Alen;w;1
1;Alesia;w;1
1;Alessandra;w;1
1;Alessia;w;1
1;Alexis;w;1
1;Aleyna;w;1
1;Alix;w;1
1;Alysa;w;1
1;Amaia;w;1
1;Amanda;w;1
1;Amara;w;1
1;Amarissa;w;1
1;Amelya;w;1
1;Amiha;w;1
1;Amina;w;1
1;Aminata;w;1
1;Ana;w;1
1;Anahí;w;1
1;Anak;w;1
1;Anaïs;w;1
1;Anelie;w;1
1;Anesa;w;1
1;Aneta;w;1
1;Angel;w;1
1;Angiolina;w;1
1;Anika;w;1
1;Anissa;w;1
1;Anita-Dajana;w;1
1;Anjali;w;1
1;Anna-Imani;w;1
1;Annabell;w;1
1;Annelie;w;1
1;Arianna;w;1
1;Ariella;w;1
1;Arin;w;1
1;Aseel;w;1
1;Asenat;w;1
1;Asiyah;w;1
1;Assra;w;1
1;Asya;w;1
1;Athina;w;1
1;Aura;w;1
1;Avelin;w;1
1;Aveline;w;1
1;Ayat;w;1
1;Aylana;w;1
1;Aylin-Yeliz;w;1
1;Aylin;w;1
1;Aymila;w;1
1;Aysa;w;1
1;Aysche;w;1
1;Ayse;w;1
1;Aysu;w;1
1;Aysun;w;1
1;Ayşe;w;1
1;Azra;w;1
1;Açelya;w;1
1;Bakaya-Najma;w;1
1;Banahier;w;1
1;Batsieba;w;1
1;Bayan;w;1
1;Beliz;w;1
1;Berivan;w;1
1;Berke;w;1
1;Bettina;w;1
1;Bianca;w;1
1;Bianka;w;1
1;Bota;w;1
1;Brianna;w;1
1;Buschra;w;1
1;Büsra;w;1
1;Cadence;w;1
1;Caleya;w;1
1;Camelia;w;1
1;Camie-Louise;w;1
1;Cara;w;1
1;Carlota;w;1
1;Carly;w;1
1;Cayetana;w;1
1;Cecilia;w;1
1;Celin;w;1
1;Cemile;w;1
1;Charlott;w;1
1;Chiemelie;w;1
1;Cilia;w;1
1;Clarissa;w;1
1;Cuba;w;1
1;Dahab;w;1
1;Dalia;w;1
1;Danielle;w;1
1;Daria;w;1
1;Darina;w;1
1;Darya;w;1
1;Dayana;w;1
1;Dehlayllah;w;1
1;Delina;w;1
1;Delisdian;w;1
1;Deniz;w;1
1;Deshi;w;1
1;Devynn;w;1
1;Diamant;w;1
1;Dilan;w;1
1;Dina-Liah;w;1
1;Divine;w;1
1;Donna;w;1
1;Dorina;w;1
1;Dorothea;w;1
1;Dorothee;w;1
1;Ducem;w;1
1;Duru;w;1
1;Ece;w;1
1;Eden;w;1
1;Efimia;w;1
1;Eileen;w;1
1;Ekta;w;1
1;Elaida;w;1
1;Elana;w;1
1;Elara;w;1
1;Elektra;w;1
1;Eleyna;w;1
1;Elfie;w;1
1;Elfrieda;w;1
1;Eliana;w;1
1;Elise;w;1
1;Elisha;w;1
1;Eliya;w;1
1;Eliz;w;1
1;Eliza;w;1
1;Elizabeth;w;1
1;Elizya;w;1
1;Ella-Rosa;w;1
1;Ellen;w;1
1;Ellie;w;1
1;Elly;w;1
1;Elmira;w;1
1;Elsa;w;1
1;Elvi;w;1
1;Elyana;w;1
1;Elysra;w;1
1;Ema;w;1
1;Emelie;w;1
1;Emil;w;1
1;Emilia-Nicole;w;1
1;Emilie;w;1
1;Emylia;w;1
1;Enna;w;1
1;Enora;w;1
1;Erin;w;1
1;Erinma;w;1
1;Erva;w;1
1;Eslem;w;1
1;Eslin;w;1
1;Eslina;w;1
1;Esma;w;1
1;Esther;w;1
1;Estrella;w;1
1;Ethna;w;1
1;Evangeline;w;1
1;Evelina;w;1
1;Evi;w;1
1;Evîn;w;1
1;Eydis;w;1
1;Fabiella;w;1
1;Fabienne;w;1
1;Farah;w;1
1;Farida;w;1
1;Faye;w;1
1;Fenja;w;1
1;Feride;w;1
1;Fia;w;1
1;Filippa;w;1
1;Fine;w;1
1;Finja;w;1
1;Florentina;w;1
1;Franka;w;1
1;Franziska;w;1
1;Freda;w;1
1;Freyja;w;1
1;Friederike;w;1
1;Gecenur;w;1
1;Gerti;w;1
1;Gesa;w;1
1;Ghasal;w;1
1;Grace;w;1
1;Grâce;w;1
1;Gönül;w;1
1;Gülcan;w;1
1;Güldeniz;w;1
1;Hadia;w;1
1;Hailie;w;1
1;Haily;w;1
1;Hajra;w;1
1;Hala;w;1
1;Hana;w;1
1;Hanaa;w;1
1;Hania-Ali;w;1
1;Hania;w;1
1;Hauraz;w;1
1;Havin;w;1
1;Hayal-Lilya;w;1
1;Haylin;w;1
1;Hazal;w;1
1;Hedda;w;1
1;Helen;w;1
1;Helvi;w;1
1;Hevda;w;1
1;Hevi;w;1
1;Hülya;w;1
1;Ibtisam;w;1
1;Iga;w;1
1;Ilayda;w;1
1;Ilayla;w;1
1;Iliana;w;1
1;Ilivia;w;1
1;Iliyana;w;1
1;Iman;w;1
1;Imke;w;1
1;Inaya;w;1
1;Inga;w;1
1;Ingrid;w;1
1;Irem;w;1
1;Irha;w;1
1;Irielyn;w;1
1;Isabel;w;1
1;Isalie;w;1
1;Iuna;w;1
1;Iva;w;1
1;Izée;w;1
1;Işil;w;1
1;Jalila;w;1
1;Jamila;w;1
1;Janina;w;1
1;Jara;w;1
1;Jasna;w;1
1;Jazz;w;1
1;Jelena;w;1
1;Jella;w;1
1;Jemina;w;1
1;Jenaira;w;1
1;Joana;w;1
1;Johnaria;w;1
1;Jolanda;w;1
1;Jolene;w;1
1;Jolina;w;1
1;Joni;w;1
1;Jule;w;1
1;Juli;w;1
1;Juliana;w;1
1;Juliette;w;1
1;Julyna;w;1
1;Junis;w;1
1;Kabita;w;1
1;Kaitlyn;w;1
1;Kaja;w;1
1;Kassandra;w;1
1;Kataleya;w;1
1;Katarina;w;1
1;Katharina;w;1
1;Kaya-Milou;w;1
1;Kaya;w;1
1;Kayla-Nur;w;1
1;Kaylee;w;1
1;Kenda;w;1
1;Khanza;w;1
1;Khia;w;1
1;Kira;w;1
1;Kiya;w;1
1;Klarissa;w;1
1;Klee;w;1
1;Kleo;w;1
1;Koko;w;1
1;Ksenia-Elif;w;1
1;Kyla;w;1
1;Kylie;w;1
1;Käthe;w;1
1;Laetitia;w;1
1;Laial-Aylol;w;1
1;Lamis;w;1
1;Lani;w;1
1;Lanya;w;1
1;Laren;w;1
1;Larin;w;1
1;Lariya;w;1
1;Laya;w;1
1;Layal;w;1
1;Leana;w;1
1;Leen;w;1
1;Leeroy;w;1
1;Leevke;w;1
1;Leia;w;1
1;Lejla;w;1
1;Lelia;w;1
1;Leo-Noel;w;1
1;Leonarda;w;1
1;Levea;w;1
1;Liara;w;1
1;Libi;w;1
1;Liel;w;1
1;Lieske;w;1
1;Lili;w;1
1;Liliana;w;1
1;Lilit;w;1
1;Lilith;w;1
1;Linea;w;1
1;Lisbeth;w;1
1;Liselotte;w;1
1;Liwia;w;1
1;Liyana;w;1
1;Logue;w;1
1;Lola;w;1
1;Lona;w;1
1;Lore;w;1
1;Loredana;w;1
1;Lorelay;w;1
1;Lorena;w;1
1;Lorina;w;1
1;Lotte;w;1
1;Lua;w;1
1;Luana;w;1
1;Lubna;w;1
1;Luena;w;1
1;Lumi;w;1
1;Lusijana;w;1
1;Luz;w;1
1;Luzie;w;1
1;Luísa;w;1
1;Lyla;w;1
1;Lyubomira;w;1
1;Lénou;w;1
1;Macy;w;1
1;Madeleine;w;1
1;Madeline;w;1
1;Madita;w;1
1;Mae;w;1
1;Maeva;w;1
1;Maeve;w;1
1;Magdalena;w;1
1;Mahnoor;w;1
1;Maila;w;1
1;Maira;w;1
1;Maiza;w;1
1;Makomasoadie;w;1
1;Mala;w;1
1;Malea-Lou;w;1
1;Maliah;w;1
1;Malu;w;1
1;Maluna;w;1
1;Manifa;w;1
1;Manisa;w;1
1;Mara-Maria;w;1
1;Margarethe;w;1
1;Maria-Corinna;w;1
1;Mariel;w;1
1;Marissa;w;1
1;Marit;w;1
1;Mariya;w;1
1;Marié;w;1
1;Marla;w;1
1;Marlea;w;1
1;Martyna;w;1
1;Marva;w;1
1;Marwa;w;1
1;Maryam;w;1
1;Maríella;w;1
1;Masa;w;1
1;Masal-Alya;w;1
1;Masha;w;1
1;Mateeullah;w;1
1;Mathea;w;1
1;Matylda;w;1
1;Maurine;w;1
1;Mava;w;1
1;Mavis;w;1
1;Maxima;w;1
1;Maxime;w;1
1;Mayra;w;1
1;Maysa;w;1
1;Mayumi;w;1
1;Mayvi;w;1
1;Mekdes;w;1
1;Melia;w;1
1;Meliha;w;1
1;Melina;w;1
1;Melis;w;1
1;Melisa;w;1
1;Melody;w;1
1;Menesa;w;1
1;Meral;w;1
1;Merjem;w;1
1;Mia-Rose;w;1
1;Mie;w;1
1;Mihra;w;1
1;Milana;w;1
1;Miley;w;1
1;Mileya;w;1
1;Milia;w;1
1;Milica;w;1
1;Milou;w;1
1;Minerva;w;1
1;Minha;w;1
1;Mira-Monika;w;1
1;Miranda;w;1
1;Miray;w;1
1;Mireia;w;1
1;Misha;w;1
1;Monika;w;1
1;Morea;w;1
1;Moun;w;1
1;Muyi;w;1
1;Mya;w;1
1;Nadia;w;1
1;Nadin;w;1
1;Nadja;w;1
1;Naella;w;1
1;Naemi;w;1
1;Nahia;w;1
1;Naila;w;1
1;Naomi;w;1
1;Narin;w;1
1;Natalija;w;1
1;Nathalie;w;1
1;Nayla;w;1
1;Nayra;w;1
1;Nazareta;w;1
1;Nea;w;1
1;Neah;w;1
1;Neele;w;1
1;Nejla;w;1
1;Nellina;w;1
1;Nelly-Filomena;w;1
1;Nerea;w;1
1;Nessa;w;1
1;Neva;w;1
1;Niamh;w;1
1;Nika;w;1
1;Nil;w;1
1;Nila;w;1
1;Nilo;w;1
1;Nira;w;1
1;Nisa-Ivana;w;1
1;Niusha;w;1
1;Njiki;w;1
1;Noemi;w;1
1;Nola;w;1
1;Novalie;w;1
1;Noémi;w;1
1;Nur;w;1
1;Nuriel;w;1
1;Nyima;w;1
1;Odile;w;1
1;Oliwia;w;1
1;Orla;w;1
1;Palina;w;1
1;Paloma;w;1
1;Parisa;w;1
1;Patrizia;w;1
1;Peaches;w;1
1;Penelope;w;1
1;Philine;w;1
1;Philippa;w;1
1;Philippine;w;1
1;Pina;w;1
1;Polla;w;1
1;Polly;w;1
1;Radostina;w;1
1;Rafaela;w;1
1;Rahaf;w;1
1;Rahel;w;1
1;Raillyne;w;1
1;Rama;w;1
1;Ranja;w;1
1;Rasta;w;1
1;Rattel;w;1
1;Raya;w;1
1;Rebecca;w;1
1;Rejan;w;1
1;Remi;w;1
1;Reona;w;1
1;Ria;w;1
1;Riya;w;1
1;Roberta;w;1
1;Romi;w;1
1;Ronahi;w;1
1;Rose;w;1
1;Rosie;w;1
1;Rosmarie;w;1
1;Roswitha;w;1
1;Rumi;w;1
1;Ruth;w;1
1;Ruya;w;1
1;Rüya;w;1
1;Safin;w;1
1;Salma;w;1
1;Salomé;w;1
1;Samantha;w;1
1;Samay;w;1
1;Samia;w;1
1;Samiah;w;1
1;Sana;w;1
1;Sasha;w;1
1;Satja;w;1
1;Sayra;w;1
1;Selbi;w;1
1;Selcan;w;1
1;Selihom;w;1
1;Selina;w;1
1;Serra;w;1
1;Shaghaf;w;1
1;Sharlyn;w;1
1;Siewe;w;1
1;Silina;w;1
1;Siloé;w;1
1;Sky;w;1
1;Skyler-Rosé;w;1
1;Sofie;w;1
1;Solea;w;1
1;Soleil;w;1
1;Sora;w;1
1;Soraya;w;1
1;Stacy;w;1
1;Sunny;w;1
1;Suyana;w;1
1;Swinda;w;1
1;Sıla;w;1
1;Taina;w;1
1;Taleja;w;1
1;Talin;w;1
1;Tamara;w;1
1;Tanem;w;1
1;Tea;w;1
1;Teddi;w;1
1;Teodora-Gabriela;w;1
1;Therees;w;1
1;Theresa-Marie;w;1
1;Theresia;w;1
1;Tiana;w;1
1;Tiffany;w;1
1;Tijen;w;1
1;Tilly;w;1
1;Tiwatope;w;1
1;Tola;w;1
1;Tomke;w;1
1;Torvi;w;1
1;Toscha;w;1
1;Tove;w;1
1;Tracy;w;1
1;Ugin;w;1
1;Vaiana;w;1
1;Vasilija;w;1
1;Vasilisa;w;1
1;Vera;w;1
1;Verokina;w;1
1;Veska;w;1
1;Viktoria-Lia;w;1
1;Villo;w;1
1;Vivienne;w;1
1;Viyan;w;1
1;Walia;w;1
1;Wanda;w;1
1;Wanja;w;1
1;Wateen;w;1
1;Wella;w;1
1;Wilhelmine;w;1
1;Wilma;w;1
1;Wolke;w;1
1;Yael;w;1
1;Yamur;w;1
1;Yandjia;w;1
1;Yaren;w;1
1;Yasmina;w;1
1;Yasna;w;1
1;Yella;w;1
1;Yezra-Dua;w;1
1;Yildis;w;1
1;Yixin;w;1
1;Ylva;w;1
1;Ylvi;w;1
1;Yolanda;w;1
1;Yolandi;w;1
1;Yosra;w;1
1;Yuehuan;w;1
1;Yumi;w;1
1;Yuval;w;1
1;Zaineb;w;1
1;Zane;w;1
1;Zara;w;1
1;Zerya;w;1
1;Zofia;w;1
1;Zora;w;1
1;Zorya;w;1
1;Élia;w;1
1;Aarush;m;1
1;Aayansh;m;1
1;Abbas;m;1
1;Abdoul;m;1
1;Abdulrahman;m;1
1;Aboubacar;m;1
1;Abraham;m;1
1;Adam-Peter;m;1
1;Adar;m;1
1;Aday;m;1
1;Adiel;m;1
1;Adir;m;1
1;Adrijano;m;1
1;Adriél;m;1
1;Ahmet;m;1
1;Aid;m;1
1;Ajlan;m;1
1;Akil;m;1
1;Alai;m;1
1;Alan;m;1
1;Albrecht;m;1
1;Aldin;m;1
1;Aleks;m;1
1;Alessandro;m;1
1;Alexandru;m;1
1;Alexey;m;1
1;Alexi;m;1
1;Alfred;m;1
1;Alihan;m;1
1;Alvi;m;1
1;Alwin;m;1
1;Alyaman;m;1
1;Amann;m;1
1;Amaru;m;1
1;Amin-Alexander;m;1
1;Amon;m;1
1;Amos;m;1
1;Andrei;m;1
1;André;m;1
1;Anelio;m;1
1;Aniik;m;1
1;Antonin;m;1
1;Antun;m;1
1;Apollon;m;1
1;Aragon;m;1
1;Aras-Akif;m;1
1;Arash;m;1
1;Araz;m;1
1;Arbër;m;1
1;Arden;m;1
1;Ardian;m;1
1;Ariel;m;1
1;Aristotelis;m;1
1;Ariyo;m;1
1;Arne;m;1
1;Arnis;m;1
1;Aro;m;1
1;Arseni;m;1
1;Art;m;1
1;Artem;m;1
1;Artjom;m;1
1;Artu;m;1
1;Artur;m;1
1;Arun;m;1
1;Arved;m;1
1;Arven;m;1
1;Arvid;m;1
1;Aslan;m;1
1;Asparuch;m;1
1;Atakan;m;1
1;Atis;m;1
1;Aurel;m;1
1;Aurelian;m;1
1;Aurelio;m;1
1;Austin;m;1
1;Avery;m;1
1;Aviv;m;1
1;Avram;m;1
1;Ayaan;m;1
1;Ayana;m;1
1;Aykan;m;1
1;Azad;m;1
1;Azat;m;1
1;Azrail;m;1
1;Baca;m;1
1;Bader;m;1
1;Bahoz;m;1
1;Balthasar;m;1
1;Baris;m;1
1;Barne;m;1
1;Batu;m;1
1;Beer;m;1
1;Bestar;m;1
1;Bilal-Asaf;m;1
1;Bires;m;1
1;Bob;m;1
1;Bogdan;m;1
1;Bono;m;1
1;Borys;m;1
1;Bran;m;1
1;Béla;m;1
1;Bünyamin;m;1
1;Cagan;m;1
1;Caius;m;1
1;Caleb;m;1
1;Can;m;1
1;Carlos;m;1
1;Casey;m;1
1;Casimir;m;1
1;Cato;m;1
1;Charly;m;1
1;Cihan-Altay;m;1
1;Ciro;m;1
1;Clemens;m;1
1;Cleo;m;1
1;Conner;m;1
1;Constantin;m;1
1;Cornelius;m;1
1;Cosmo-Vincent;m;1
1;Coşkun;m;1
1;Curt;m;1
1;Damantang;m;1
1;Damenik;m;1
1;Daminik;m;1
1;Damir;m;1
1;Damián;m;1
1;Damjan;m;1
1;Daniele;m;1
1;Daris;m;1
1;Darwin;m;1
1;Davud;m;1
1;Deen;m;1
1;Dejan;m;1
1;Demir;m;1
1;Devrim;m;1
1;Diaa;m;1
1;Dian;m;1
1;Dimitar;m;1
1;Dimitri;m;1
1;Dimitrios;m;1
1;Dion;m;1
1;Dorian;m;1
1;Doruk;m;1
1;Dzemil;m;1
1;Dzhalil;m;1
1;Ebenezer;m;1
1;Eddy;m;1
1;Ede;m;1
1;Edin;m;1
1;Eduard;m;1
1;Eesa;m;1
1;Ege;m;1
1;Ehsan;m;1
1;Eldin;m;1
1;Elias-Christian;m;1
1;Elijah;m;1
1;Elino;m;1
1;Elio-Noel;m;1
1;Elion;m;1
1;Eliyaz;m;1
1;Elliot;m;1
1;Elric;m;1
1;Elyesa;m;1
1;Emanuel;m;1
1;Emiliano;m;1
1;Emilijan;m;1
1;Emin;m;1
1;Emmanuel;m;1
1;Emmanuil;m;1
1;Endrit;m;1
1;Enes;m;1
1;Enki;m;1
1;Enzo;m;1
1;Ernesto;m;1
1;Erol;m;1
1;Erwin;m;1
1;Essam;m;1
1;Etienne;m;1
1;Eymen;m;1
1;Eyyüphan;m;1
1;Eyüp;m;1
1;Fabi;m;1
1;Fabian-Elia;m;1
1;Fabio;m;1
1;Fares;m;1
1;Farouk;m;1
1;Faruq;m;1
1;Farzam;m;1
1;Fayık;m;1
1;Federico;m;1
1;Fendi;m;1
1;Feras;m;1
1;Fetus;m;1
1;Filippo;m;1
1;Fin;m;1
1;Finley;m;1
1;Finn-Louis;m;1
1;Finnlay;m;1
1;Finnley;m;1
1;Fiodor;m;1
1;Fiore;m;1
1;Fips;m;1
1;Floris;m;1
1;Fox;m;1
1;Franck;m;1
1;Franko;m;1
1;Freddi;m;1
1;Freddie;m;1
1;Frederick;m;1
1;Fynn-Mads;m;1
1;Fynnrall;m;1
1;Félix;m;1
1;Georg;m;1
1;Georgi;m;1
1;Georgios;m;1
1;Gereon;m;1
1;Gero;m;1
1;Ghali;m;1
1;Gilbert;m;1
1;Giuliano;m;1
1;Giulio;m;1
1;Glenn;m;1
1;Gordon;m;1
1;Goulven;m;1
1;Guy;m;1
1;Gökcan;m;1
1;Gürselcan;m;1
1;Haider;m;1
1;Hakim;m;1
1;Haku;m;1
1;Halil;m;1
1;Hamza;m;1
1;Hans;m;1
1;Harun;m;1
1;Harvey;m;1
1;Hasan;m;1
1;Hassan;m;1
1;Hauke;m;1
1;Hayk;m;1
1;Haziel;m;1
1;Hašim-Harun;m;1
1;Heinrich;m;1
1;Hektor;m;1
1;Helene;m;1
1;Helge;m;1
1;Henry-Ian;m;1
1;Hieronymus;m;1
1;Hjörtur;m;1
1;Hossein;m;1
1;Hugo;m;1
1;Hussain;m;1
1;Hussein;m;1
1;Hávi;m;1
1;Hüseyn;m;1
1;Ian;m;1
1;Iasonas;m;1
1;Ibrahim;m;1
1;Ibrahima;m;1
1;Ichiro;m;1
1;Ieremia;m;1
1;Ignatius;m;1
1;Iharantsoa;m;1
1;Ikram;m;1
1;Ilai;m;1
1;Ilario;m;1
1;Ilay;m;1
1;Ilias;m;1
1;Ilija;m;1
1;Illijan;m;1
1;Illya;m;1
1;Ilmas;m;1
1;Ilyan;m;1
1;Imar;m;1
1;Indigo;m;1
1;Isaiah;m;1
1;Isay;m;1
1;Ivri;m;1
1;Izaak;m;1
1;İanis;m;1
1;Jabal;m;1
1;Jackson;m;1
1;Jaden;m;1
1;Jaimy;m;1
1;Jaivyn;m;1
1;Jake;m;1
1;Jakub;m;1
1;Jalal;m;1
1;Jamie;m;1
1;Jamiro;m;1
1;Jamiu;m;1
1;Janis;m;1
1;Jannes;m;1
1;Jannik;m;1
1;Janos;m;1
1;Jante;m;1
1;Jared;m;1
1;Jari;m;1
1;Jarle;m;1
1;Jaro;m;1
1;Jaron;m;1
1;Jason;m;1
1;Jassmin;m;1
1;Jaxson;m;1
1;Jeffery;m;1
1;Jeppe;m;1
1;Jeremy;m;1
1;Jerico;m;1
1;Jerome;m;1
1;Jervan;m;1
1;Jibrail;m;1
1;Jiyan;m;1
1;Johannes;m;1
1;Jonatan;m;1
1;Jons;m;1
1;Jordan;m;1
1;Josa;m;1
1;Joscha;m;1
1;Josia;m;1
1;Josiah;m;1
1;Joud;m;1
1;Julien;m;1
1;Julio;m;1
1;Junes;m;1
1;Juraj;m;1
1;Jurius;m;1
1;Jussef;m;1
1;Kaan;m;1
1;Kadir;m;1
1;Kaim;m;1
1;Kaio;m;1
1;Kajetan;m;1
1;Kamil;m;1
1;Kareem;m;1
1;Karim;m;1
1;Karlos;m;1
1;Kasimir;m;1
1;Kazimir;m;1
1;Kealan;m;1
1;Keano;m;1
1;Kenny;m;1
1;Kian;m;1
1;Kiano;m;1
1;Killian;m;1
1;Kiluan-Ace;m;1
1;Kjell;m;1
1;Konstantinos;m;1
1;Koray;m;1
1;Kurt;m;1
1;Kuzey;m;1
1;Kylian;m;1
1;Lani;m;1
1;Lars;m;1
1;Laurel;m;1
1;Laurin;m;1
1;Lauríds;m;1
1;Lawand;m;1
1;Layo;m;1
1;Lazare;m;1
1;Lean;m;1
1;Leandro-Constantin;m;1
1;Leandro;m;1
1;Leandros;m;1
1;Leart;m;1
1;Ledion;m;1
1;Leif;m;1
1;Lemi;m;1
1;Leno;m;1
1;Leonhard;m;1
1;Leonid;m;1
1;Leopold;m;1
1;Leorio;m;1
1;Leotrim;m;1
1;Leroy;m;1
1;Leto;m;1
1;Levent;m;1
1;Levio;m;1
1;Liano;m;1
1;Lias;m;1
1;Liko;m;1
1;Lino;m;1
1;Livio;m;1
1;Loar;m;1
1;Loki;m;1
1;Lorik;m;1
1;Loris;m;1
1;Loui;m;1
1;Louis-Vincent;m;1
1;Luano;m;1
1;Lucas;m;1
1;Lucien;m;1
1;Lucille;m;1
1;Lucio;m;1
1;Lucién;m;1
1;Ludovit;m;1
1;Ludwik;m;1
1;Lunay;m;1
1;Lutz;m;1
1;Léon;m;1
1;Lüno;m;1
1;Maarten;m;1
1;Maceo;m;1
1;Magnus;m;1
1;Mahmud;m;1
1;Maitreya;m;1
1;Makar;m;1
1;Maks;m;1
1;Maksim;m;1
1;Maksymilian;m;1
1;Maleo;m;1
1;Malina;m;1
1;Maliq-Filipe;m;1
1;Malk;m;1
1;Manilo;m;1
1;Manu;m;1
1;Marcus;m;1
1;Mariam;m;1
1;Marijan;m;1
1;Mark;m;1
1;Markus;m;1
1;Marten;m;1
1;Marvin;m;1
1;Mason;m;1
1;Massin-Said;m;1
1;Matei;m;1
1;Mateja;m;1
1;Mattes;m;1
1;Matthew;m;1
1;Matvey;m;1
1;Maylan;m;1
1;Mayode;m;1
1;Medet;m;1
1;Medin;m;1
1;Mehmed;m;1
1;Mehmet;m;1
1;Melih;m;1
1;Merdan;m;1
1;Mete;m;1
1;Meyo;m;1
1;Mian;m;1
1;Michael;m;1
1;Michail;m;1
1;Michele;m;1
1;Miguel-Angel;m;1
1;Miguel;m;1
1;Mike;m;1
1;Milow;m;1
1;Miraç;m;1
1;Miroslav;m;1
1;Mirza;m;1
1;Mitja;m;1
1;Mohab;m;1
1;Mohamad;m;1
1;Mohammed;m;1
1;Mohsen;m;1
1;Monsef;m;1
1;Morris;m;1
1;Mouafaq;m;1
1;Mouhamadou;m;1
1;Muhamed;m;1
1;Muhammad;m;1
1;Mukhtar;m;1
1;Musab;m;1
1;Muzammil;m;1
1;Naim;m;1
1;Nalbin;m;1
1;Namat;m;1
1;Nana;m;1
1;Nando;m;1
1;Narin;m;1
1;Nasser;m;1
1;Natan;m;1
1;Nataniel;m;1
1;Nathan;m;1
1;Nathanael;m;1
1;Nathanaël;m;1
1;Nawid;m;1
1;Naylo;m;1
1;Nenad;m;1
1;Neo;m;1
1;Nermin;m;1
1;Nero;m;1
1;Nevio;m;1
1;Nguyễn;m;1
1;Nicholas;m;1
1;Nicklas;m;1
1;Niclas;m;1
1;Nico;m;1
1;Niels-Ole;m;1
1;Nihan;m;1
1;Niilo;m;1
1;Nikodem;m;1
1;Nikolaj;m;1
1;Nikolas;m;1
1;Nikoloz;m;1
1;Nilas;m;1
1;Nima;m;1
1;Nisha;m;1
1;Niyash;m;1
1;Nouel;m;1
1;Nouh;m;1
1;Nouri;m;1
1;Noá;m;1
1;Noé;m;1
1;Noël;m;1
1;Nuri;m;1
1;Nyaz;m;1
1;Obada;m;1
1;Odin;m;1
1;Olaf;m;1
1;Omar;m;1
1;Orion;m;1
1;Otis;m;1
1;Ozan;m;1
1;Pacey;m;1
1;Pau;m;1
1;Paulinho;m;1
1;Pelle;m;1
1;Pepi;m;1
1;Philip;m;1
1;Piak;m;1
1;Pierre;m;1
1;Pikus;m;1
1;Pinogabriel;m;1
1;Pola;m;1
1;Poyraz;m;1
1;Qais;m;1
1;Quốc;m;1
1;Rahman;m;1
1;Raiyan;m;1
1;Rakan;m;1
1;Ramin;m;1
1;Ramisses;m;1
1;Ravi;m;1
1;Rebin;m;1
1;Recep;m;1
1;Remus;m;1
1;Reyansh;m;1
1;Richard;m;1
1;Rinat;m;1
1;Rishik;m;1
1;River;m;1
1;Rohat;m;1
1;Romeo;m;1
1;Ronan;m;1
1;Roni;m;1
1;Rosalie;m;1
1;Rosario;m;1
1;Ruben;m;1
1;Ruven;m;1
1;Ryan;m;1
1;Sagros;m;1
1;Said;m;1
1;Saif;m;1
1;Saifuddin;m;1
1;Sali;m;1
1;Salim;m;1
1;Salomon;m;1
1;Sami;m;1
1;Sander;m;1
1;Sandro;m;1
1;Sarok;m;1
1;Sartaj;m;1
1;Sattvik;m;1
1;Savio;m;1
1;Schahin;m;1
1;Selim;m;1
1;Selwyn;m;1
1;Sertac;m;1
1;Seyed;m;1
1;Seyfullah;m;1
1;Seyid-Batuhan;m;1
1;Seyid;m;1
1;Seyit;m;1
1;Seyyid;m;1
1;Shaho;m;1
1;Shawn-Noah;m;1
1;Silas;m;1
1;Siraj;m;1
1;Sonny-Alessio;m;1
1;Soufian;m;1
1;Stefano;m;1
1;Steffen;m;1
1;Sullivan;m;1
1;Sunkoo;m;1
1;Taavi;m;1
1;Taha;m;1
1;Taio;m;1
1;Taji;m;1
1;Tamino;m;1
1;Tamo;m;1
1;Tapio;m;1
1;Taras;m;1
1;Tarik;m;1
1;Taym;m;1
1;Tayyeb;m;1
1;Teemu;m;1
1;Teodor;m;1
1;Teoman;m;1
1;Thiago;m;1
1;Thies;m;1
1;Thio;m;1
1;Thorin;m;1
1;Tiago;m;1
1;Tilo;m;1
1;Timofiy;m;1
1;Timur;m;1
1;Tjelle;m;1
1;Tjomme;m;1
1;Tobias;m;1
1;Toma;m;1
1;Tuğrul;m;1
1;Tyler;m;1
1;Tyron;m;1
1;Uchenna;m;1
1;Umut;m;1
1;Unik;m;1
1;Valdrin;m;1
1;Valentino;m;1
1;Valerio-Dimi;m;1
1;Vasilios;m;1
1;Vin;m;1
1;Vinnie;m;1
1;Vinz;m;1
1;Wahhab;m;1
1;Wezir;m;1
1;Wiktor;m;1
1;Wilijam;m;1
1;Willhelm;m;1
1;Wolfgang;m;1
1;Yacu;m;1
1;Yahya;m;1
1;Yamac;m;1
1;Yan;m;1
1;Yanki;m;1
1;Yann;m;1
1;Yannick;m;1
1;Yannik;m;1
1;Yarah;m;1
1;Yasin;m;1
1;Yassin;m;1
1;Yavuz;m;1
1;Yazan;m;1
1;Yağiz;m;1
1;Yi-Chen;m;1
1;Yiğit;m;1
1;Youn;m;1
1;Younis;m;1
1;Youssef;m;1
1;Yunis;m;1
1;Yuniz;m;1
1;Yuval;m;1
1;Yuvan;m;1
1;Zaid;m;1
1;Zakariya;m;1
1;Zayd;m;1
1;Zeyd;m;1
1;Zhivko;m;1
1;Zhyar;m;1
1;Zimuzochukwu;m;1
1;Zübeyir;m;1
1;Abigail;w;2
1;Ada;w;2
1;Adelaida;w;2
1;Ademova;w;2
1;Aderinsola;w;2
1;Adjewaa;w;2
1;Afia;w;2
1;Agung;w;2
1;Ainú;w;2
1;Aksa;w;2
1;Akshara;w;2
1;Alara;w;2
1;Alaya;w;2
1;Albertine;w;2
1;Aleandra;w;2
1;Aleksandra;w;2
1;Alesija;w;2
1;Alev;w;2
1;Ali;w;2
1;Alia;w;2
1;Alice;w;2
1;Alicia;w;2
1;Aljona;w;2
1;Alma;w;2
1;Aloy;w;2
1;Alís;w;2
1;Amanita;w;2
1;Amaya;w;2
1;Amelia;w;2
1;An;w;2
1;Ana;w;2
1;Anabell;w;2
1;Anahí;w;2
1;Anastazja;w;2
1;Angeliki;w;2
1;Angelique;w;2
1;Anne;w;2
1;Anneliese;w;2
1;Annett;w;2
1;Anni;w;2
1;Anwi;w;2
1;Arisa;w;2
1;Asel;w;2
1;Asena;w;2
1;Asenova;w;2
1;Asli;w;2
1;Asya;w;2
1;Auguste;w;2
1;Augusté;w;2
1;Avi;w;2
1;Ayumi;w;2
1;Balam;w;2
1;Balbina;w;2
1;Barabara;w;2
1;Barbara;w;2
1;Bela;w;2
1;Bella;w;2
1;Belma;w;2
1;Benewaa;w;2
1;Berenike;w;2
1;Bettina;w;2
1;Bhoomi;w;2
1;Bianca;w;2
1;Blanche;w;2
1;Blessing;w;2
1;Brianna;w;2
1;Bulatovna;w;2
1;Báo;w;2
1;Caitlyn;w;2
1;Camille;w;2
1;Camina;w;2
1;Candela;w;2
1;Carlotta;w;2
1;Casandra;w;2
1;Casy;w;2
1;Cataleya;w;2
1;Catherine;w;2
1;Celiane;w;2
1;Celina;w;2
1;Chaja;w;2
1;Christa;w;2
1;Clarissa;w;2
1;Crystal;w;2
1;Daisy;w;2
1;Damiana;w;2
1;Danial;w;2
1;Daría;w;2
1;Deskian;w;2
1;Dina;w;2
1;Djoumessi;w;2
1;Dmytrivna;w;2
1;Doreen;w;2
1;Doris;w;2
1;Dorit;w;2
1;Dua;w;2
1;Ebrar;w;2
1;Edith;w;2
1;Edom;w;2
1;Ekim;w;2
1;Ela;w;2
1;Elea;w;2
1;Eleni;w;2
1;Elenya;w;2
1;Eleonore;w;2
1;Elia;w;2
1;Elisa;w;2
1;Eliz;w;2
1;Elke;w;2
1;Ellen;w;2
1;Ellie;w;2
1;Elmas;w;2
1;Eloise;w;2
1;Elouise;w;2
1;Emely;w;2
1;Emira;w;2
1;Emma;w;2
1;Eni;w;2
1;Erdzhanova;w;2
1;Erika;w;2
1;Ernestine;w;2
1;Esperanza;w;2
1;Estelle;w;2
1;Esther;w;2
1;Evangeline;w;2
1;Evelin;w;2
1;Evelyn;w;2
1;Everly;w;2
1;Evi;w;2
1;Evin;w;2
1;Ewelli;w;2
1;Ezizovna;w;2
1;Fabienne;w;2
1;Fee;w;2
1;Felia;w;2
1;Felice;w;2
1;Felina;w;2
1;Felipa;w;2
1;Feliz;w;2
1;Finja;w;2
1;Florentine;w;2
1;Franca;w;2
1;Frances;w;2
1;Franka;w;2
1;Freyja;w;2
1;Frida;w;2
1;Gabriele;w;2
1;Gerda;w;2
1;Gitti;w;2
1;Graciela;w;2
1;Greta;w;2
1;Grâce;w;2
1;Gustava;w;2
1;Guste;w;2
1;Halina;w;2
1;Hanna;w;2
1;Hannah;w;2
1;Hannelore;w;2
1;Hanni;w;2
1;Hatice;w;2
1;Hawa;w;2
1;Haylee;w;2
1;Hazel;w;2
1;Heather;w;2
1;Heike;w;2
1;Hemaa;w;2
1;Henny;w;2
1;Henrike;w;2
1;Hildemarie;w;2
1;Hilja;w;2
1;Hope;w;2
1;Hunter;w;2
1;Hà;w;2
1;Iary;w;2
1;Ibiso;w;2
1;Ibrahimova;w;2
1;Ibryam;w;2
1;Ibryamova;w;2
1;Iliana;w;2
1;Ilieva;w;2
1;Ilse;w;2
1;Ingrid;w;2
1;Insa;w;2
1;Ioana;w;2
1;Irena;w;2
1;Irina;w;2
1;Iris;w;2
1;Iriss;w;2
1;Isabella;w;2
1;Iva;w;2
1;Ivanova;w;2
1;Ivaylova;w;2
1;Ivelle;w;2
1;Ivy;w;2
1;İkki;w;2
1;Jade;w;2
1;Jara;w;2
1;Jelica;w;2
1;Johanne;w;2
1;Joleen;w;2
1;Jolene;w;2
1;Joline;w;2
1;Jone;w;2
1;Josefina;w;2
1;Joy;w;2
1;Julie;w;2
1;Juna;w;2
1;Juniper;w;2
1;Jutta;w;2
1;Kai;w;2
1;Kali;w;2
1;Karin;w;2
1;Karina;w;2
1;Karli;w;2
1;Karola;w;2
1;Katalina;w;2
1;Katharina;w;2
1;Katherina;w;2
1;Kathinka;w;2
1;Kathleen;w;2
1;Kaylani;w;2
1;Kayra;w;2
1;Keana;w;2
1;Kenaya;w;2
1;Kerstin;w;2
1;Kibatu;w;2
1;Kimberly;w;2
1;Kjelle;w;2
1;Lagertha;w;2
1;Lana;w;2
1;Lea;w;2
1;Leilani;w;2
1;Leonor;w;2
1;Leticia;w;2
1;Leyal;w;2
1;Lia;w;2
1;Libi;w;2
1;Liddie;w;2
1;Lieselotte;w;2
1;Linnea;w;2
1;Lisa;w;2
1;Liya;w;2
1;Liz;w;2
1;Loapi;w;2
1;Loreen;w;2
1;Loreli;w;2
1;Lotte;w;2
1;Lotti;w;2
1;Louan;w;2
1;Luca;w;2
1;Lucile;w;2
1;Lucía;w;2
1;Ludmila;w;2
1;Luiza;w;2
1;Lulea;w;2
1;Luz;w;2
1;Luzia;w;2
1;Luzie;w;2
1;Lykke;w;2
1;Lyn;w;2
1;Líf;w;2
1;Lï;w;2
1;Madita;w;2
1;Maevis;w;2
1;Mai;w;2
1;Majvi;w;2
1;Mala;w;2
1;Malak;w;2
1;Malea;w;2
1;Maleen;w;2
1;Maleya;w;2
1;Malia;w;2
1;Maliah;w;2
1;Malien;w;2
1;Malwina;w;2
1;Manuela;w;2
1;Margret;w;2
1;Mari;w;2
1;Maria-Lisa;w;2
1;Mariam;w;2
1;Marianne;w;2
1;Mariella;w;2
1;Marijke;w;2
1;Marion;w;2
1;Marisol;w;2
1;Marla;w;2
1;Marleen;w;2
1;Marlén;w;2
1;Marvel;w;2
1;Matea;w;2
1;Mateja;w;2
1;Mathea;w;2
1;May;w;2
1;Mayla;w;2
1;Maylin;w;2
1;Maël;w;2
1;Melina;w;2
1;Meri;w;2
1;Meva;w;2
1;Miaoran;w;2
1;Michelle;w;2
1;Mieke;w;2
1;Mihaelova;w;2
1;Milana;w;2
1;Milele;w;2
1;Mina;w;2
1;Minel;w;2
1;Minu;w;2
1;Mira;w;2
1;Miriam;w;2
1;Nadina;w;2
1;Naemi;w;2
1;Nahed;w;2
1;Nami;w;2
1;Nana;w;2
1;Naomi;w;2
1;Natthanicha;w;2
1;Necmiye;w;2
1;Neyla;w;2
1;Ngọc;w;2
1;Nikolaeva;w;2
1;Nilüfer;w;2
1;Nivin;w;2
1;Noa;w;2
1;Noelia;w;2
1;Nola;w;2
1;Noorseen;w;2
1;Nora;w;2
1;Novalie;w;2
1;Noé;w;2
1;Nuri;w;2
1;Ophelia;w;2
1;Padmé;w;2
1;Palesa;w;2
1;Paloma;w;2
1;Pamela;w;2
1;Pandora;w;2
1;Paola;w;2
1;Patricia;w;2
1;Paulin;w;2
1;Penelope;w;2
1;Perla;w;2
1;Petra;w;2
1;Pheline;w;2
1;Pip;w;2
1;Planiza;w;2
1;Quinn;w;2
1;Rabab;w;2
1;Raena;w;2
1;Rafaela;w;2
1;Rania;w;2
1;Raya;w;2
1;Re'ut;w;2
1;Regina;w;2
1;Rehema;w;2
1;Rita;w;2
1;Riva;w;2
1;River;w;2
1;Romy;w;2
1;Ronja;w;2
1;Rosaria;w;2
1;Rosi;w;2
1;Rosie;w;2
1;Ruma;w;2
1;Runa;w;2
1;Rüya;w;2
1;Saba;w;2
1;Sabrina;w;2
1;Sage;w;2
1;Sahana;w;2
1;Salim;w;2
1;Samanta;w;2
1;Samara;w;2
1;Samira;w;2
1;Sanae;w;2
1;Saphira;w;2
1;Sarafina;w;2
1;Sasheva;w;2
1;Sena;w;2
1;Sergey;w;2
1;Sergiïvna;w;2
1;Serkan;w;2
1;Serwah;w;2
1;Setareh;w;2
1;Sevda;w;2
1;Sevdova;w;2
1;Silvia;w;2
1;Sinda;w;2
1;Skadi;w;2
1;Skyla;w;2
1;Sobeida;w;2
1;Solea;w;2
1;Soleil;w;2
1;Solon;w;2
1;Sonja;w;2
1;Soraya;w;2
1;Spinetta;w;2
1;Stamova;w;2
1;Su;w;2
1;Suri;w;2
1;Susann;w;2
1;Susanna;w;2
1;Suzan;w;2
1;Sylvia;w;2
1;Tasnim;w;2
1;Tessa;w;2
1;Thando;w;2
1;Thea;w;2
1;Theadora;w;2
1;Theresia;w;2
1;Thora;w;2
1;Timea;w;2
1;Timurovna;w;2
1;Tolou;w;2
1;Tove;w;2
1;Trúc;w;2
1;Tuana;w;2
1;Ugochi;w;2
1;Uinonah;w;2
1;Ursula;w;2
1;Uwaila;w;2
1;Valentin;w;2
1;Valentina;w;2
1;Valentine;w;2
1;Valeria;w;2
1;Valeska;w;2
1;Vanjú;w;2
1;Vasipatova;w;2
1;Vera;w;2
1;Veronika;w;2
1;Villanueva;w;2
1;Viola;w;2
1;Vivien;w;2
1;Wilder;w;2
1;Wilhelmina;w;2
1;Willow;w;2
1;Xen;w;2
1;Xin;w;2
1;Xweza;w;2
1;Yasharova;w;2
1;Yaz;w;2
1;Yolanda;w;2
1;Youssra;w;2
1;Yuriy;w;2
1;Yva;w;2
1;Zahra;w;2
1;Zakia;w;2
1;Zari;w;2
1;Zhivkova;w;2
1;Zlatkova;w;2
1;Çiçek;w;2
1;Şura;w;2
1;Adam;m;2
1;Adebare;m;2
1;Adil;m;2
1;Adrian;m;2
1;Aeneas;m;2
1;Ahmet;m;2
1;Aiden;m;2
1;Akin;m;2
1;Alain;m;2
1;Aldeen;m;2
1;Alejandro;m;2
1;Aleksander;m;2
1;Alexander-Bernhard;m;2
1;Aliano;m;2
1;Aljosha;m;2
1;Allison;m;2
1;Almin;m;2
1;Alp;m;2
1;Aly;m;2
1;Amadeus;m;2
1;Amaury;m;2
1;Amir;m;2
1;An;m;2
1;Andrea;m;2
1;Andreas;m;2
1;Andres;m;2
1;André;m;2
1;Angelo;m;2
1;Anitov;m;2
1;Antoni;m;2
1;Antonio;m;2
1;Aras;m;2
1;Araz;m;2
1;Ari;m;2
1;Arkadius;m;2
1;Arne;m;2
1;Arno;m;2
1;Aron;m;2
1;Arved;m;2
1;Asanov;m;2
1;Asev;m;2
1;Asim;m;2
1;Aslan;m;2
1;Asrar;m;2
1;Ateş;m;2
1;Atila;m;2
1;Atinay;m;2
1;Atreju;m;2
1;Aurelius;m;2
1;Avery;m;2
1;Avos;m;2
1;Aybars;m;2
1;Aykan;m;2
1;Azamat;m;2
1;Aziz;m;2
1;Bayram;m;2
1;Beek;m;2
1;Benedict;m;2
1;Benedikt;m;2
1;Benjen;m;2
1;Bennet;m;2
1;Benson;m;2
1;Bilal;m;2
1;Bodo;m;2
1;Bojan;m;2
1;Boris;m;2
1;Brandon;m;2
1;Caius;m;2
1;Carl;m;2
1;Carlotta;m;2
1;Carsten;m;2
1;Casper;m;2
1;Cassian;m;2
1;Castel;m;2
1;Cemil;m;2
1;Charles;m;2
1;Chinonso;m;2
1;Ciro;m;2
1;Conrad;m;2
1;Constantin;m;2
1;Cornelius;m;2
1;Corvus;m;2
1;Cosimo;m;2
1;Cosmo;m;2
1;Craig;m;2
1;Cristiano;m;2
1;Damian;m;2
1;Danny;m;2
1;Davi;m;2
1;Delasi;m;2
1;Derek;m;2
1;Diarra;m;2
1;Dominique;m;2
1;Dorn;m;2
1;Dzhanbolatow;m;2
1;Dzhaner;m;2
1;Ed;m;2
1;Eddy;m;2
1;Edgar;m;2
1;Edmund;m;2
1;Egbert;m;2
1;Ehsan;m;2
1;Eleonora;m;2
1;Eliaz;m;2
1;Elijah;m;2
1;Eliodoro;m;2
1;Elis;m;2
1;Emelio;m;2
1;Emilio;m;2
1;Emiljan;m;2
1;Emir;m;2
1;Engin;m;2
1;Enis;m;2
1;Enrico;m;2
1;Ensar;m;2
1;Eriberto;m;2
1;Erik;m;2
1;Ernst;m;2
1;Eskil;m;2
1;Etienne;m;2
1;Even;m;2
1;Eyk;m;2
1;Eymen;m;2
1;Faruk;m;2
1;Fedon;m;2
1;Feo;m;2
1;Ferdinand;m;2
1;Fidel;m;2
1;Fiete;m;2
1;Fietje;m;2
1;Fill;m;2
1;Finley;m;2
1;Finnley;m;2
1;Fionn;m;2
1;Floki;m;2
1;Florian;m;2
1;Frank;m;2
1;François;m;2
1;Frederic;m;2
1;Frederick;m;2
1;Fredrik;m;2
1;Frido;m;2
1;Fridolin;m;2
1;Friedolin;m;2
1;Fuscus;m;2
1;Fynn;m;2
1;Félix;m;2
1;Gavi;m;2
1;Georgiev;m;2
1;Gerd;m;2
1;Gia;m;2
1;Gnidié;m;2
1;Grá;m;2
1;Gyamfi;m;2
1;Gyula;m;2
1;Gyunter;m;2
1;Günter;m;2
1;Hajo;m;2
1;Halim;m;2
1;Hamid;m;2
1;Hamza;m;2
1;Han;m;2
1;Hannes;m;2
1;Hardy;m;2
1;Harri;m;2
1;Harry;m;2
1;Hasan;m;2
1;Hassan;m;2
1;Hoang;m;2
1;Holger;m;2
1;Holm;m;2
1;Hosea;m;2
1;Hossain;m;2
1;Hossein;m;2
1;Hugo;m;2
1;Ibrahim;m;2
1;Iceni;m;2
1;Ilari;m;2
1;Ilay;m;2
1;Ilja;m;2
1;Ilya;m;2
1;Ingemar;m;2
1;Isa;m;2
1;Isaac;m;2
1;Isabell;m;2
1;Isaiah;m;2
1;Isidor;m;2
1;Isıl;m;2
1;Ivan;m;2
1;Ivanov;m;2
1;Jabari;m;2
1;Jad;m;2
1;Jamal;m;2
1;James;m;2
1;Jan;m;2
1;Janek;m;2
1;Janis;m;2
1;Jannis;m;2
1;Jari;m;2
1;Jaromir;m;2
1;Jasper;m;2
1;Jeff;m;2
1;Jeremi;m;2
1;Jeremiah;m;2
1;Jibrail;m;2
1;Jim;m;2
1;Jimmy;m;2
1;Joachim;m;2
1;Jobst;m;2
1;Johan;m;2
1;Johannes;m;2
1;John;m;2
1;Jona;m;2
1;Jonte;m;2
1;Jordan;m;2
1;Jorden;m;2
1;Jori;m;2
1;Joschua;m;2
1;Joseph;m;2
1;José;m;2
1;Jovica;m;2
1;Joël;m;2
1;Julian;m;2
1;Julius;m;2
1;Jun;m;2
1;Jusuf;m;2
1;Kaami;m;2
1;Kaan;m;2
1;Kazan;m;2
1;Keano;m;2
1;Kemal;m;2
1;Kerim;m;2
1;Kevin;m;2
1;Kian;m;2
1;Kiran;m;2
1;Kirk;m;2
1;Kiyan;m;2
1;Klee;m;2
1;Konstantin;m;2
1;Krastyuov;m;2
1;Kumar;m;2
1;Kuán;m;2
1;Kwaku;m;2
1;Kwame;m;2
1;L'étoile;m;2
1;Laris;m;2
1;Latif;m;2
1;Laurin;m;2
1;Leandro;m;2
1;Leano;m;2
1;Lee;m;2
1;Leevi;m;2
1;Leith;m;2
1;Lenn;m;2
1;Lennardt;m;2
1;Lennart;m;2
1;Lennox;m;2
1;Lenny;m;2
1;Levert;m;2
1;Levon;m;2
1;Levy;m;2
1;León;m;2
1;Lian;m;2
1;Lilian;m;2
1;Lino;m;2
1;Lio;m;2
1;Livio;m;2
1;Loris;m;2
1;Louie;m;2
1;Luciano;m;2
1;Ludvig;m;2
1;Lukasz;m;2
1;Lumine;m;2
1;Lutz;m;2
1;Magnus;m;2
1;Mahan;m;2
1;Mahël;m;2
1;Maik;m;2
1;Mailo;m;2
1;Maitreya;m;2
1;Maksimowich;m;2
1;Maleo;m;2
1;Malte;m;2
1;Manfred;m;2
1;Manoah;m;2
1;Manuel;m;2
1;Mareno;m;2
1;Mark;m;2
1;Martins;m;2
1;Matin;m;2
1;Mattes;m;2
1;Mattheo;m;2
1;Matthias;m;2
1;Mattia;m;2
1;Maurice;m;2
1;Mavi;m;2
1;Max;m;2
1;Maxim;m;2
1;Maximino;m;2
1;Maël;m;2
1;Medhat;m;2
1;Melik;m;2
1;Meo;m;2
1;Mert;m;2
1;Mete;m;2
1;Michel;m;2
1;Mihailov;m;2
1;Mika;m;2
1;Milosz;m;2
1;Mion;m;2
1;Mirza;m;2
1;Mitkov;m;2
1;Mladenov;m;2
1;Mohammed;m;2
1;Momo;m;2
1;Moussa;m;2
1;Moustapha;m;2
1;Mrša;m;2
1;Murat;m;2
1;Musa;m;2
1;Mücteba;m;2
1;Nael;m;2
1;Naoussi;m;2
1;Nathanael;m;2
1;Nawin;m;2
1;Nektarios;m;2
1;Nganga;m;2
1;Niam;m;2
1;Nicholas;m;2
1;Nicolai;m;2
1;Nikolai;m;2
1;Nikolas;m;2
1;Nikolaus;m;2
1;Ninan;m;2
1;Nino;m;2
1;Noam;m;2
1;Noar;m;2
1;Nolan;m;2
1;Norman;m;2
1;Nunzio;m;2
1;Nyamedea;m;2
1;Nīkolaī;m;2
1;Odin;m;2
1;Olamide;m;2
1;Oliver;m;2
1;Ondrey;m;2
1;Orhan;m;2
1;Orkun;m;2
1;Orlando;m;2
1;Ortiz;m;2
1;Osiris;m;2
1;Osman;m;2
1;Pablo;m;2
1;Paolo;m;2
1;Pasquale;m;2
1;Patrick;m;2
1;Pauli;m;2
1;Peace;m;2
1;Peer;m;2
1;Peter;m;2
1;Philipp;m;2
1;Phillip;m;2
1;Pio;m;2
1;Piotr;m;2
1;Qi;m;2
1;Quang;m;2
1;Raffael;m;2
1;Ragnar;m;2
1;Rahim;m;2
1;Raskov;m;2
1;Ray;m;2
1;Raymond;m;2
1;Raël;m;2
1;Renè;m;2
1;River;m;2
1;Robin;m;2
1;Rocco;m;2
1;Roland;m;2
1;Roni;m;2
1;Rowi;m;2
1;Rudi;m;2
1;Rudin;m;2
1;Rudolf;m;2
1;Sahel;m;2
1;Salar;m;2
1;Salih;m;2
1;Samed;m;2
1;Sami;m;2
1;Samir;m;2
1;Sander;m;2
1;Santino;m;2
1;Selim;m;2
1;Senam;m;2
1;Sequoia;m;2
1;Serdar;m;2
1;Sergiyovych;m;2
1;Sergìjovič;m;2
1;Severus;m;2
1;Seyed;m;2
1;Siddharth;m;2
1;Siegfried;m;2
1;Simon;m;2
1;Simão;m;2
1;Singh;m;2
1;Sky;m;2
1;Songwut;m;2
1;Stefan;m;2
1;Sterling;m;2
1;Steve;m;2
1;Sullivan;m;2
1;Szymon;m;2
1;Süleyman;m;2
1;Sławomir;m;2
1;Tadeusz;m;2
1;Tamilo;m;2
1;Tamilore;m;2
1;Tamino;m;2
1;Taner;m;2
1;Tanzie;m;2
1;Taro;m;2
1;Theo;m;2
1;Thierry;m;2
1;Thomson;m;2
1;Thore;m;2
1;Titus;m;2
1;Tobias;m;2
1;Todorov;m;2
1;Tomasz;m;2
1;Tomiwa;m;2
1;Tsvetomir;m;2
1;Tuncher;m;2
1;Tyra;m;2
1;Tyrell;m;2
1;Tâm;m;2
1;Ullanta;m;2
1;Valerian;m;2
1;Valerio;m;2
1;Vasilev;m;2
1;Veer;m;2
1;Victor;m;2
1;Vilem;m;2
1;Vitus;m;2
1;Walter;m;2
1;Wanja;m;2
1;Wendelin;m;2
1;Willi;m;2
1;William;m;2
1;Yakamoz;m;2
1;Yamaç;m;2
1;Yarema;m;2
1;Yağızhan;m;2
1;Youmbi;m;2
1;Yuri;m;2
1;Yusein;m;2
1;Yusha-Tahsin;m;2
1;Zahin;m;2
1;Zaza;m;2
1;Zehrin;m;2
1;Zian;m;2
1;Ziggy;m;2
1;Åke;m;2
1;Élouan;m;2
1;Émile;m;2
1;Ý;m;2
1;Adebola;w;3
1;Adepa;w;3
1;Alaya;w;3
1;Aleyna;w;3
1;Alyosheva;w;3
1;Amelie;w;3
1;Andrea;w;3
1;Angelika;w;3
1;Anh;w;3
1;Aurelia;w;3
1;Ayu;w;3
1;Ayuk;w;3
1;Berlinde;w;3
1;Bo;w;3
1;Boguslawa;w;3
1;Bruni;w;3
1;Carola;w;3
1;Christa;w;3
1;Christine;w;3
1;Claudia;w;3
1;Corinna;w;3
1;Cornelia;w;3
1;Cy;w;3
1;Devaní;w;3
1;Dịêp;w;3
1;Eliora;w;3
1;Elodie;w;3
1;Emilia;w;3
1;Emma;w;3
1;Erna;w;3
1;Fleur;w;3
1;France;w;3
1;Friederike;w;3
1;Galya;w;3
1;Grace;w;3
1;Granita;w;3
1;Helen;w;3
1;Hilde;w;3
1;Hildegard;w;3
1;Ilvi;w;3
1;Inari;w;3
1;Ingrid;w;3
1;Iris;w;3
1;Isabelle;w;3
1;Johanna;w;3
1;Johanne;w;3
1;Josephine;w;3
1;Juna;w;3
1;Karla;w;3
1;Leewane;w;3
1;Leonie;w;3
1;Leyla;w;3
1;Lieselotte;w;3
1;Lillyan;w;3
1;Livia;w;3
1;Luana;w;3
1;Lucía;w;3
1;Lux;w;3
1;Lyonga;w;3
1;Madita;w;3
1;Magdalena;w;3
1;Mai;w;3
1;Malea;w;3
1;Marianne;w;3
1;Marija;w;3
1;Mayar;w;3
1;Mgbang;w;3
1;Mihrimah;w;3
1;Mona;w;3
1;Monkam;w;3
1;Nerea;w;3
1;Neval;w;3
1;Nhiên;w;3
1;Nicola;w;3
1;Nkemo;w;3
1;Okili;w;3
1;Olamide;w;3
1;Olu;w;3
1;Oona;w;3
1;Osifo;w;3
1;Pamela;w;3
1;Pascale;w;3
1;Petra;w;3
1;Philippa;w;3
1;Pip;w;3
1;Polina;w;3
1;Ponke;w;3
1;Radha;w;3
1;Rea;w;3
1;Regina;w;3
1;Renate;w;3
1;Silvia;w;3
1;Sofie;w;3
1;Sophia;w;3
1;Stefanie;w;3
1;Suzanne;w;3
1;Tarsila;w;3
1;Theodora;w;3
1;Tran;w;3
1;Uyên;w;3
1;Wairimu;w;3
1;Zacharias;w;3
1;Zammit;w;3
1;Zora;w;3
1;Abdelazeem;m;3
1;Afriyie;m;3
1;Albert;m;3
1;Aleksandar;m;3
1;Amadeus;m;3
1;Andreas;m;3
1;Andrejevitch;m;3
1;Anselm;m;3
1;Anton;m;3
1;Antonie;m;3
1;Antonio;m;3
1;Arda;m;3
1;Arthur;m;3
1;Assem;m;3
1;Athanassios;m;3
1;Ben;m;3
1;Bernd;m;3
1;Brefo;m;3
1;Casper;m;3
1;Christian;m;3
1;Christoph;m;3
1;Cosmos;m;3
1;Daniel;m;3
1;David;m;3
1;Davorin;m;3
1;Dexter;m;3
1;Eyad;m;3
1;Florentin;m;3
1;Frederik;m;3
1;Friedemann;m;3
1;Gabriel;m;3
1;Han;m;3
1;Hannibal;m;3
1;Heinrich;m;3
1;Hendrik;m;3
1;Hoang;m;3
1;Holm;m;3
1;Hugh;m;3
1;Hyman;m;3
1;Ibrahim;m;3
1;Ioannis;m;3
1;Ivanovyč;m;3
1;Jafari;m;3
1;Jasper;m;3
1;Jen;m;3
1;Jeremy;m;3
1;Jo;m;3
1;Joakim;m;3
1;Johann;m;3
1;João;m;3
1;Jürgen;m;3
1;Kiohi;m;3
1;Klaus;m;3
1;Lee;m;3
1;Leonhart;m;3
1;Leopold;m;3
1;Lewin;m;3
1;Liêm;m;3
1;Loki;m;3
1;Lucien;m;3
1;Mane;m;3
1;Mar;m;3
1;Marcel;m;3
1;Marcus;m;3
1;Max;m;3
1;Melvin;m;3
1;Michael;m;3
1;Mika;m;3
1;Minh;m;3
1;Miron;m;3
1;Mohammed;m;3
1;Mouhamed;m;3
1;Nazmi;m;3
1;Oladimeji;m;3
1;Olaf;m;3
1;Oğuzhan;m;3
1;Paulsen;m;3
1;Petar;m;3
1;Rainer;m;3
1;Rebar;m;3
1;Richard;m;3
1;Robert;m;3
1;Samino;m;3
1;Shohan;m;3
1;Sigurd;m;3
1;Slahuddin;m;3
1;Theodora;m;3
1;Vero;m;3
1;Vitas;m;3
1;Waldemar;m;3
1;Walter;m;3
1;Wilhelm;m;3
1;Willem;m;3
1;Willy;m;3
1;Wolf;m;3
1;Wolff;m;3
1;Xuân;m;3
1;Yun;m;3
1;Zegveld;m;3
1;Annegret;w;4
1;Bodi;w;4
1;Edith;w;4
1;Gaby;w;4
1;Héloïse;w;4
1;Isabelle;w;4
1;Luise;w;4
1;Lydia;w;4
1;Maida;w;4
1;Mechthild;w;4
1;Miriam;w;4
1;Nour;w;4
1;Omolola;w;4
1;Putu;w;4
1;Abdelmonsef;m;4
1;Ali;m;4
1;Erich;m;4
1;Fares;m;4
1;Fathy;m;4
1;Franziskus;m;4
1;Hafiz;m;4
1;Jannes;m;4
1;Lorenz;m;4
1;Noah;m;4
1;Olayemi;m;4
1;Qasim;m;4
1;Valentino;m;4
1;Victor;m;4
1;Hanna;w;5
1;Maria;m;5
1;Mustafa;m;5
1;Oluwadarasimi;m;5
1;Wilhelm;m;5
1;Willemsen;m;5
1;Yuni;w;6
